"",timestamp,X,W,C,Y,call_id
0,2025-11-25 11:19:13.514863,3.143561,1.762752,B,4.661009,0
1,2025-11-25 11:19:13.514863,12.152800,2.293855,A,8.736679,0
2,2025-11-25 11:19:13.514863,10.708037,-3.286053,A,5.259741,0
3,2025-11-25 11:19:13.514863,7.655504,-2.151383,B,4.371184,0
4,2025-11-25 11:19:13.514863,7.418084,4.455432,A,11.084741,0
5,2025-11-25 11:19:13.514863,1.857420,0.324925,B,3.557332,0
6,2025-11-25 11:19:13.514863,-3.494319,-0.102602,C,-2.826912,0
7,2025-11-25 11:19:13.514863,5.985994,1.726016,A,8.810163,0
8,2025-11-25 11:19:13.514863,11.558285,-2.492673,C,6.298871,0
9,2025-11-25 11:19:13.514863,3.207832,4.667677,A,7.338395,0
10,2025-11-25 11:19:13.514863,15.570092,1.854863,A,8.593058,0
11,2025-11-25 11:19:13.514863,-0.836022,3.384581,A,4.163817,0
12,2025-11-25 11:19:13.514863,5.104035,1.778605,A,6.762840,0
13,2025-11-25 11:19:13.514863,3.825784,2.242209,A,7.035231,0
14,2025-11-25 11:19:13.514863,5.212622,-1.409038,C,2.747228,0
15,2025-11-25 11:19:13.514863,5.162627,1.508014,A,6.262747,0
16,2025-11-25 11:19:13.514863,-0.430942,-1.611242,C,1.512218,0
17,2025-11-25 11:19:13.514863,0.720414,-2.027847,C,-0.272024,0
18,2025-11-25 11:19:13.514863,4.979587,0.247054,A,1.513718,0
19,2025-11-25 11:19:13.514863,5.810052,-1.639379,A,5.017805,0
20,2025-11-25 11:19:13.514863,7.078359,-0.061442,A,6.825690,0
21,2025-11-25 11:19:13.514863,6.031464,0.110954,A,6.450379,0
22,2025-11-25 11:19:13.514863,3.337503,2.296957,B,7.375129,0
23,2025-11-25 11:19:13.514863,5.133506,0.343628,B,4.819818,0
24,2025-11-25 11:19:13.514863,7.999285,-1.438833,B,6.568397,0
25,2025-11-25 11:19:13.514863,8.083812,-1.007441,B,7.703944,0
26,2025-11-25 11:19:13.514863,16.736211,-1.618028,C,8.004383,0
27,2025-11-25 11:19:13.514863,5.316108,0.611198,A,5.718072,0
28,2025-11-25 11:19:13.514863,7.752444,-1.934490,C,1.920344,0
29,2025-11-25 11:19:13.514863,4.008805,-1.013509,C,4.736540,0
30,2025-11-25 11:19:13.514863,7.105799,-0.336764,A,5.222553,0
31,2025-11-25 11:19:13.514863,4.460593,-2.496233,A,1.683482,0
32,2025-11-25 11:19:13.514863,3.365910,-3.296876,B,-0.863309,0
33,2025-11-25 11:19:13.514863,4.861658,-4.484098,C,-1.678871,0
34,2025-11-25 11:19:13.514863,7.939301,1.329672,A,5.695131,0
35,2025-11-25 11:19:13.514863,6.792188,1.301583,A,6.313834,0
36,2025-11-25 11:19:13.514863,11.938920,-0.807340,A,9.563976,0
37,2025-11-25 11:19:13.514863,0.859886,1.779817,A,6.514956,0
38,2025-11-25 11:19:13.514863,6.218222,1.682131,A,8.853807,0
39,2025-11-25 11:19:13.514863,5.629400,0.064003,A,3.571539,0
40,2025-11-25 11:19:13.514863,6.283465,-1.231371,C,6.728775,0
41,2025-11-25 11:19:13.514863,2.403906,-4.762480,A,0.106154,0
42,2025-11-25 11:19:13.514863,7.657133,3.939936,B,12.105235,0
43,2025-11-25 11:19:13.514863,0.772204,1.305644,C,5.197262,0
44,2025-11-25 11:19:13.514863,9.294613,-0.896170,A,8.935842,0
45,2025-11-25 11:19:13.514863,3.920064,2.015717,B,4.658625,0
46,2025-11-25 11:19:13.514863,7.422701,-1.788457,C,6.255749,0
47,2025-11-25 11:19:13.514863,7.401903,0.725582,A,7.158527,0
48,2025-11-25 11:19:13.514863,6.009586,-0.553220,A,5.989018,0
49,2025-11-25 11:19:13.514863,8.243995,0.300966,B,7.139864,0
50,2025-11-25 11:19:13.514863,2.220995,2.125181,C,4.148683,0
51,2025-11-25 11:19:13.514863,14.597232,2.003483,C,11.124622,0
52,2025-11-25 11:19:13.514863,9.873037,-0.479530,C,8.976914,0
53,2025-11-25 11:19:13.514863,1.410381,1.526817,B,3.748202,0
54,2025-11-25 11:19:13.514863,2.033374,-0.946585,A,0.861140,0
55,2025-11-25 11:19:13.514863,2.690158,1.155323,B,3.748357,0
56,2025-11-25 11:19:13.514863,4.752054,1.717982,B,5.092373,0
57,2025-11-25 11:19:13.514863,-0.298812,1.408043,C,6.310328,0
58,2025-11-25 11:19:13.514863,6.860551,0.857712,B,7.328486,0
59,2025-11-25 11:19:13.514863,4.163439,0.798487,C,7.731737,0
60,2025-11-25 11:19:13.514863,-0.657025,-1.069125,C,3.338527,0
61,2025-11-25 11:19:13.514863,9.370097,1.304324,B,12.367437,0
62,2025-11-25 11:19:13.514863,9.811422,0.931350,A,5.488901,0
63,2025-11-25 11:19:13.514863,3.605990,0.764043,B,4.824412,0
64,2025-11-25 11:19:13.514863,2.525801,3.660982,A,6.524678,0
65,2025-11-25 11:19:13.514863,-0.876292,-0.021031,A,2.312301,0
66,2025-11-25 11:19:13.514863,5.316471,4.202644,B,8.783533,0
67,2025-11-25 11:19:13.514863,6.049650,-0.183539,C,1.238917,0
68,2025-11-25 11:19:13.514863,3.863301,-3.078945,A,3.120494,0
69,2025-11-25 11:19:13.514863,8.156034,0.254026,C,5.664542,0
70,2025-11-25 11:19:13.514863,8.890022,3.425967,A,9.094044,0
71,2025-11-25 11:19:13.514863,1.551142,-0.186068,A,4.389422,0
72,2025-11-25 11:19:13.514863,3.807295,0.032455,A,2.555544,0
73,2025-11-25 11:19:13.514863,4.622709,3.694246,A,7.526104,0
74,2025-11-25 11:19:13.514863,-13.529502,-6.044724,C,-8.761444,0
75,2025-11-25 11:19:13.514863,4.356825,0.554005,A,6.844289,0
76,2025-11-25 11:19:13.514863,5.882509,-1.112084,C,5.775908,0
77,2025-11-25 11:19:13.514863,13.894828,-2.172598,C,3.333628,0
78,2025-11-25 11:19:13.514863,3.176974,2.112580,C,6.994962,0
79,2025-11-25 11:19:13.514863,9.902660,1.585964,A,9.921043,0
80,2025-11-25 11:19:13.514863,2.779316,0.736646,B,3.739380,0
81,2025-11-25 11:19:13.514863,6.743010,0.284744,A,6.958083,0
82,2025-11-25 11:19:13.514863,-2.153975,1.261551,C,3.541703,0
83,2025-11-25 11:19:13.514863,2.830686,0.930251,A,8.179956,0
84,2025-11-25 11:19:13.514863,5.304825,-2.293329,B,5.285247,0
85,2025-11-25 11:19:13.514863,4.810146,-1.549906,B,3.769357,0
86,2025-11-25 11:19:13.514863,3.657240,-3.676469,B,-1.531026,0
87,2025-11-25 11:19:13.514863,4.883970,-1.074386,B,5.181345,0
88,2025-11-25 11:19:13.514863,1.639730,-2.759726,A,2.044649,0
89,2025-11-25 11:19:13.514863,11.900937,0.325449,A,8.567274,0
90,2025-11-25 11:19:13.514863,7.395763,1.263261,B,7.751981,0
91,2025-11-25 11:19:13.514863,3.766994,-1.341929,B,3.152499,0
92,2025-11-25 11:19:13.514863,7.513355,-1.276661,A,4.172605,0
93,2025-11-25 11:19:13.514863,6.869279,-2.301619,C,4.787374,0
94,2025-11-25 11:19:13.514863,6.167283,1.146826,B,6.643078,0
95,2025-11-25 11:19:13.514863,-5.829610,-0.720980,C,1.301018,0
96,2025-11-25 11:19:13.514863,6.607474,0.492454,A,6.545060,0
97,2025-11-25 11:19:13.514863,9.230337,-1.950946,A,3.766388,0
98,2025-11-25 11:19:13.514863,10.679661,1.477440,C,11.253512,0
99,2025-11-25 11:19:13.514863,6.883232,-3.187613,C,0.093433,0
100,2025-11-25 12:22:14.507923,5.713945,-1.184615,B,5.485501,1
101,2025-11-25 12:22:14.507923,2.465351,0.653085,A,3.954320,1
102,2025-11-25 12:22:14.507923,4.834873,2.122580,A,8.174696,1
103,2025-11-25 12:22:14.507923,1.912471,-3.169790,C,0.365894,1
104,2025-11-25 12:22:14.507923,0.989025,2.762246,A,6.358703,1
105,2025-11-25 12:22:14.507923,3.157554,2.631778,C,6.958211,1
106,2025-11-25 12:22:14.507923,6.460828,1.792000,B,7.893734,1
107,2025-11-25 12:22:14.507923,-1.362791,1.410984,A,4.031278,1
108,2025-11-25 12:22:14.507923,2.885932,4.571948,B,7.752363,1
109,2025-11-25 12:22:14.507923,2.527204,1.595142,A,6.890312,1
110,2025-11-25 12:22:14.507923,10.416927,-0.620541,A,4.843257,1
111,2025-11-25 12:22:14.507923,4.483440,-0.021231,A,7.010992,1
112,2025-11-25 12:22:14.507923,6.359417,-1.804665,B,4.298174,1
113,2025-11-25 12:22:14.507923,2.160666,-3.429022,C,0.323322,1
114,2025-11-25 12:22:14.507923,10.417561,-1.981465,A,5.856204,1
115,2025-11-25 12:22:14.507923,12.724038,-3.396654,C,4.816442,1
116,2025-11-25 12:22:14.507923,2.059606,-0.739662,A,5.936403,1
117,2025-11-25 12:22:14.507923,3.357332,0.259356,C,2.028289,1
118,2025-11-25 12:22:14.507923,5.409493,-0.170575,A,3.638540,1
119,2025-11-25 12:22:14.507923,3.419236,-1.067762,B,2.170935,1
120,2025-11-25 12:22:14.507923,6.652538,0.655038,B,7.385537,1
121,2025-11-25 12:22:14.507923,1.007935,0.268799,A,2.150603,1
122,2025-11-25 12:22:14.507923,4.527869,-1.624009,B,4.601865,1
123,2025-11-25 12:22:14.507923,-3.892913,0.393694,A,2.542067,1
124,2025-11-25 12:22:14.507923,-2.710674,2.042019,C,5.389941,1
125,2025-11-25 12:22:14.507923,10.867790,-0.662239,C,9.090615,1
126,2025-11-25 12:22:14.507923,-2.373732,-3.857967,C,-2.840563,1
127,2025-11-25 12:22:14.507923,4.877583,3.122497,A,12.344967,1
128,2025-11-25 12:22:14.507923,-2.638998,2.874090,A,3.867586,1
129,2025-11-25 12:22:14.507923,6.470676,0.681734,B,5.579907,1
130,2025-11-25 12:22:14.507923,3.297726,-3.383956,A,1.512489,1
131,2025-11-25 12:22:14.507923,7.007702,2.566345,B,8.593851,1
132,2025-11-25 12:22:14.507923,7.950073,1.170858,B,9.978140,1
133,2025-11-25 12:22:14.507923,0.341976,-0.344762,A,1.591411,1
134,2025-11-25 12:22:14.507923,6.039400,-0.712212,B,4.413261,1
135,2025-11-25 12:22:14.507923,8.992111,1.203572,C,8.202222,1
136,2025-11-25 12:22:14.507923,7.342775,1.475156,C,9.223928,1
137,2025-11-25 12:22:14.507923,-1.684710,2.436515,A,6.548805,1
138,2025-11-25 12:22:14.507923,1.749710,0.503611,A,4.847585,1
139,2025-11-25 12:22:14.507923,5.366157,2.367655,C,6.456990,1
140,2025-11-25 12:22:14.507923,12.684433,2.922598,A,10.756871,1
141,2025-11-25 12:22:14.507923,5.550064,2.548786,B,6.359386,1
142,2025-11-25 12:22:14.507923,5.147229,1.722526,B,7.448117,1
143,2025-11-25 12:22:14.507923,5.457206,0.023555,A,6.808297,1
144,2025-11-25 12:22:14.507923,3.365296,-1.809983,A,3.422805,1
145,2025-11-25 12:22:14.507923,4.287179,0.169582,B,3.416530,1
146,2025-11-25 12:22:14.507923,7.643170,1.805260,A,10.425330,1
147,2025-11-25 12:22:14.507923,6.254549,-2.234706,A,3.908290,1
148,2025-11-25 12:22:14.507923,4.194692,-0.639829,B,3.406851,1
149,2025-11-25 12:22:14.507923,2.055378,-1.188263,C,3.307857,1
150,2025-11-25 12:22:14.507923,5.715490,-0.756404,C,5.949606,1
151,2025-11-25 12:22:14.507923,4.572884,0.225962,B,4.349761,1
152,2025-11-25 12:22:14.507923,-2.529864,3.527345,A,5.616146,1
153,2025-11-25 12:22:14.507923,8.486093,4.810068,A,9.303409,1
154,2025-11-25 12:22:14.507923,6.388017,1.758293,B,8.035556,1
155,2025-11-25 12:22:14.507923,5.129455,-2.869068,C,3.617714,1
156,2025-11-25 12:22:14.507923,6.457166,1.094464,C,2.102061,1
157,2025-11-25 12:22:14.507923,8.236199,-2.060041,A,4.072921,1
158,2025-11-25 12:22:14.507923,7.428385,0.185891,C,9.244719,1
159,2025-11-25 12:22:14.507923,-4.607180,2.620156,A,1.896839,1
160,2025-11-25 12:22:14.507923,0.021036,0.362489,A,1.951942,1
161,2025-11-25 12:22:14.507923,-1.455818,2.061602,A,5.636727,1
162,2025-11-25 12:22:14.507923,7.320723,-0.636263,A,3.501933,1
163,2025-11-25 12:22:14.507923,11.360936,2.267291,A,9.085089,1
164,2025-11-25 12:22:14.507923,9.562878,0.615887,A,5.499547,1
165,2025-11-25 12:22:14.507923,3.133749,3.676591,B,8.443760,1
166,2025-11-25 12:22:14.507923,3.559515,3.739657,A,5.667341,1
167,2025-11-25 12:22:14.507923,6.347758,3.221338,B,8.434867,1
168,2025-11-25 12:22:14.507923,7.404940,1.942892,A,12.187061,1
169,2025-11-25 12:22:14.507923,9.125492,1.133290,A,9.903730,1
170,2025-11-25 12:22:14.507923,4.425306,-1.159488,C,1.101516,1
171,2025-11-25 12:22:14.507923,6.147341,-0.659062,A,2.382741,1
172,2025-11-25 12:22:14.507923,4.972479,2.220928,A,11.782395,1
173,2025-11-25 12:22:14.507923,-1.496030,-1.239700,A,3.051151,1
174,2025-11-25 12:22:14.507923,6.876538,3.224475,A,11.019456,1
175,2025-11-25 12:22:14.507923,-4.289811,-2.865401,C,-0.877223,1
176,2025-11-25 12:22:14.507923,6.694976,-0.981697,B,4.857741,1
177,2025-11-25 12:22:14.507923,3.510055,-1.211059,A,2.161553,1
178,2025-11-25 12:22:14.507923,7.468245,-0.067671,A,5.734498,1
179,2025-11-25 12:22:14.507923,5.366719,1.300621,B,4.890940,1
180,2025-11-25 12:22:14.507923,3.975549,2.557026,C,7.811624,1
181,2025-11-25 12:22:14.507923,3.827792,-2.808421,A,2.894446,1
182,2025-11-25 12:22:14.507923,0.112786,2.136149,A,5.314816,1
183,2025-11-25 12:22:14.507923,8.810330,1.720786,A,7.149937,1
184,2025-11-25 12:22:14.507923,-0.505908,1.601712,A,3.668439,1
185,2025-11-25 12:22:14.507923,-5.849366,0.188551,C,-0.075449,1
186,2025-11-25 12:22:14.507923,19.766212,2.945049,A,10.039706,1
187,2025-11-25 12:22:14.507923,7.773528,0.128422,C,3.287985,1
188,2025-11-25 12:22:14.507923,15.763968,3.374168,C,15.501781,1
189,2025-11-25 12:22:14.507923,4.974690,1.324401,B,6.921489,1
190,2025-11-25 12:22:14.507923,6.657826,-1.385226,C,5.161729,1
191,2025-11-25 12:22:14.507923,5.948389,0.811819,C,6.006069,1
192,2025-11-25 12:22:14.507923,6.900364,0.037040,C,6.388059,1
193,2025-11-25 12:22:14.507923,4.331263,1.372853,A,4.709845,1
194,2025-11-25 12:22:14.507923,4.800244,2.008087,A,4.480591,1
195,2025-11-25 12:22:14.507923,4.791726,2.494913,B,6.280750,1
196,2025-11-25 12:22:14.507923,3.082603,1.139422,B,6.558023,1
197,2025-11-25 12:22:14.507923,3.544433,5.443455,B,9.133426,1
198,2025-11-25 12:22:14.507923,10.891798,-1.047395,A,3.568551,1
199,2025-11-25 12:22:14.507923,8.790706,-0.315749,B,9.643708,1
200,2025-11-25 22:58:14.418523,1.785444,-0.580404,B,0.834134,2
201,2025-11-25 22:58:14.418523,7.879000,0.408615,A,6.047021,2
202,2025-11-25 22:58:14.418523,9.129739,-0.704324,B,8.118289,2
203,2025-11-25 22:58:14.418523,3.740021,-3.296986,B,0.616233,2
204,2025-11-25 22:58:14.418523,6.768364,-1.109760,A,1.507919,2
205,2025-11-25 22:58:14.418523,0.347900,1.996708,A,4.930999,2
206,2025-11-25 22:58:14.418523,6.000662,1.041182,B,6.344590,2
207,2025-11-25 22:58:14.418523,7.024399,2.390299,B,11.108118,2
208,2025-11-25 22:58:14.418523,5.348873,-0.118811,B,3.558771,2
209,2025-11-25 22:58:14.418523,2.132921,-1.774658,A,3.177827,2
210,2025-11-25 22:58:14.418523,-3.524326,-1.538642,C,0.018991,2
211,2025-11-25 22:58:14.418523,7.584823,0.465590,B,9.481105,2
212,2025-11-25 22:58:14.418523,4.724615,0.013321,B,2.453359,2
213,2025-11-25 22:58:14.418523,3.013104,2.238305,A,6.810183,2
214,2025-11-25 22:58:14.418523,2.163102,-0.713128,C,4.892272,2
215,2025-11-25 22:58:14.418523,2.576877,3.779339,B,5.718304,2
216,2025-11-25 22:58:14.418523,6.341727,0.329790,A,4.741305,2
217,2025-11-25 22:58:14.418523,-4.427118,-0.654030,C,-0.077057,2
218,2025-11-25 22:58:14.418523,5.814065,1.649889,A,7.183945,2
219,2025-11-25 22:58:14.418523,7.239358,0.450155,A,6.672479,2
220,2025-11-25 22:58:14.418523,12.700274,5.146862,A,14.014385,2
221,2025-11-25 22:58:14.418523,-2.162988,1.055014,A,4.158272,2
222,2025-11-25 22:58:14.418523,2.741647,-0.014700,A,6.106744,2
223,2025-11-25 22:58:14.418523,8.321091,2.239652,A,8.390883,2
224,2025-11-25 22:58:14.418523,2.983413,-1.671120,A,0.153229,2
225,2025-11-25 22:58:14.418523,4.472372,-2.506515,B,1.645662,2
226,2025-11-25 22:58:14.418523,4.792417,4.165633,B,6.843450,2
227,2025-11-25 22:58:14.418523,7.846402,0.470639,C,6.586829,2
228,2025-11-25 22:58:14.418523,4.236008,-2.210950,C,4.633509,2
229,2025-11-25 22:58:14.418523,10.432468,2.667843,A,9.157433,2
230,2025-11-25 22:58:14.418523,5.936629,1.390511,A,9.295185,2
231,2025-11-25 22:58:14.418523,11.757932,2.468453,A,11.845645,2
232,2025-11-25 22:58:14.418523,-0.902718,-3.151649,C,0.178264,2
233,2025-11-25 22:58:14.418523,5.421769,0.183632,B,5.545431,2
234,2025-11-25 22:58:14.418523,3.478686,-0.236476,C,2.481125,2
235,2025-11-25 22:58:14.418523,-0.176745,1.009775,A,3.744388,2
236,2025-11-25 22:58:14.418523,2.776071,1.245150,A,6.206146,2
237,2025-11-25 22:58:14.418523,-0.410153,1.260809,C,5.956949,2
238,2025-11-25 22:58:14.418523,2.470576,-2.025982,A,2.193763,2
239,2025-11-25 22:58:14.418523,6.055548,0.383487,A,6.907499,2
240,2025-11-25 22:58:14.418523,6.555234,-2.087512,A,1.447986,2
241,2025-11-25 22:58:14.418523,5.663094,1.893713,A,7.483712,2
242,2025-11-25 22:58:14.418523,0.204091,0.864279,A,3.170187,2
243,2025-11-25 22:58:14.418523,3.602213,-0.903571,B,3.159640,2
244,2025-11-25 22:58:14.418523,4.734378,2.152693,B,7.946981,2
245,2025-11-25 22:58:14.418523,8.238874,1.661084,B,8.963740,2
246,2025-11-25 22:58:14.418523,7.750467,2.595648,B,8.668084,2
247,2025-11-25 22:58:14.418523,-0.401782,2.586835,A,6.329622,2
248,2025-11-25 22:58:14.418523,2.243939,2.923018,C,9.089044,2
249,2025-11-25 22:58:14.418523,3.013726,1.815525,A,7.796950,2
250,2025-11-25 22:58:14.418523,13.519255,-0.550918,A,7.837378,2
251,2025-11-25 22:58:14.418523,1.603671,-0.537640,A,4.366617,2
252,2025-11-25 22:58:14.418523,6.829231,-1.788342,A,2.868818,2
253,2025-11-25 22:58:14.418523,4.963993,-0.711241,B,4.182225,2
254,2025-11-25 22:58:14.418523,3.231458,-0.642320,B,3.269381,2
255,2025-11-25 22:58:14.418523,2.054144,-7.350887,C,-2.861837,2
256,2025-11-25 22:58:14.418523,-1.411664,4.531137,A,7.944678,2
257,2025-11-25 22:58:14.418523,8.112083,-1.015902,C,4.938758,2
258,2025-11-25 22:58:14.418523,7.290620,-0.937762,A,7.049823,2
259,2025-11-25 22:58:14.418523,8.562551,-0.275644,B,7.628712,2
260,2025-11-25 22:58:14.418523,1.581447,1.496872,B,3.731416,2
261,2025-11-25 22:58:14.418523,-0.520010,2.116637,A,7.275978,2
262,2025-11-25 22:58:14.418523,16.526072,1.363827,A,9.754729,2
263,2025-11-25 22:58:14.418523,2.003909,2.129464,B,2.503486,2
264,2025-11-25 22:58:14.418523,5.165248,0.606806,C,5.460594,2
265,2025-11-25 22:58:14.418523,-3.881455,5.447905,A,6.732409,2
266,2025-11-25 22:58:14.418523,7.368849,0.871333,C,7.634844,2
267,2025-11-25 22:58:14.418523,4.803792,1.900561,A,7.086811,2
268,2025-11-25 22:58:14.418523,0.129385,-0.943546,A,3.463189,2
269,2025-11-25 22:58:14.418523,3.389796,0.029059,C,3.430044,2
270,2025-11-25 22:58:14.418523,2.708556,2.245365,A,6.668116,2
271,2025-11-25 22:58:14.418523,4.244923,0.624863,B,5.119875,2
272,2025-11-25 22:58:14.418523,3.602534,-3.506903,C,0.447304,2
273,2025-11-25 22:58:14.418523,6.585161,1.696373,B,8.821354,2
274,2025-11-25 22:58:14.418523,7.008917,1.246769,B,7.722332,2
275,2025-11-25 22:58:14.418523,-5.717334,-0.627612,A,1.332928,2
276,2025-11-25 22:58:14.418523,7.426815,0.860501,B,7.165575,2
277,2025-11-25 22:58:14.418523,5.680725,3.131281,A,8.503284,2
278,2025-11-25 22:58:14.418523,2.765900,0.421881,C,7.716872,2
279,2025-11-25 22:58:14.418523,-1.977158,0.727865,A,4.183210,2
280,2025-11-25 22:58:14.418523,4.932547,2.103021,A,3.450742,2
281,2025-11-25 22:58:14.418523,3.614947,0.198359,B,2.828146,2
282,2025-11-25 22:58:14.418523,7.629681,-0.361558,C,4.779361,2
283,2025-11-25 22:58:14.418523,5.523417,3.829815,A,9.880148,2
284,2025-11-25 22:58:14.418523,11.468949,0.455743,C,6.123025,2
285,2025-11-25 22:58:14.418523,7.263578,0.582891,C,9.633891,2
286,2025-11-25 22:58:14.418523,-0.258516,-1.229967,A,0.882340,2
287,2025-11-25 22:58:14.418523,8.852393,-0.300090,B,8.753808,2
288,2025-11-25 22:58:14.418523,9.072563,-2.672339,C,2.649555,2
289,2025-11-25 22:58:14.418523,2.637711,4.591984,B,7.791093,2
290,2025-11-25 22:58:14.418523,3.575162,-2.001502,C,1.706392,2
291,2025-11-25 22:58:14.418523,2.770251,1.767925,B,5.887082,2
292,2025-11-25 22:58:14.418523,3.461892,4.725429,B,8.701234,2
293,2025-11-25 22:58:14.418523,9.125020,4.372081,B,12.496922,2
294,2025-11-25 22:58:14.418523,7.281131,6.572367,A,13.676740,2
295,2025-11-25 22:58:14.418523,6.766439,-4.293296,C,1.458469,2
296,2025-11-25 22:58:14.418523,5.840902,2.526671,A,7.192068,2
297,2025-11-25 22:58:14.418523,2.315151,1.087317,A,6.413661,2
298,2025-11-25 22:58:14.418523,-1.386150,1.108801,A,4.899614,2
299,2025-11-25 22:58:14.418523,4.184982,2.859752,A,7.020738,2
300,2025-12-02 11:14:38.031194,11.377183,-2.150735,A,7.469599,3
301,2025-12-02 11:14:38.031194,7.843555,-2.874088,C,3.988597,3
302,2025-12-02 11:14:38.031194,9.954121,-0.906552,C,5.212315,3
303,2025-12-02 11:14:38.031194,3.568330,-3.187776,C,2.454994,3
304,2025-12-02 11:14:38.031194,5.376085,4.024584,A,10.195273,3
305,2025-12-02 11:14:38.031194,6.294694,-6.814637,C,-1.328353,3
306,2025-12-02 11:14:38.031194,11.448186,-2.594671,A,3.511923,3
307,2025-12-02 11:14:38.031194,7.279381,-1.074920,B,7.986199,3
308,2025-12-02 11:14:38.031194,5.693602,-0.092584,A,5.506306,3
309,2025-12-02 11:14:38.031194,14.836785,-3.964701,C,5.813524,3
310,2025-12-02 11:14:38.031194,4.305209,-0.041542,C,2.278098,3
311,2025-12-02 11:14:38.031194,5.603423,0.060854,B,6.709855,3
312,2025-12-02 11:14:38.031194,7.134217,5.760233,A,10.842983,3
313,2025-12-02 11:14:38.031194,6.139064,0.691240,A,5.901061,3
314,2025-12-02 11:14:38.031194,1.814864,4.922628,A,7.595737,3
315,2025-12-02 11:14:38.031194,10.433619,-2.269005,C,2.741407,3
316,2025-12-02 11:14:38.031194,4.641359,-1.065204,B,3.668336,3
317,2025-12-02 11:14:38.031194,0.155378,-0.845807,C,1.519607,3
318,2025-12-02 11:14:38.031194,3.604382,2.330709,B,5.856009,3
319,2025-12-02 11:14:38.031194,5.107550,2.646749,A,9.867478,3
320,2025-12-02 11:14:38.031194,9.786356,0.492905,A,5.642877,3
321,2025-12-02 11:14:38.031194,6.025625,-0.551805,A,2.479821,3
322,2025-12-02 11:14:38.031194,4.151618,1.253925,C,8.700122,3
323,2025-12-02 11:14:38.031194,11.104155,-1.854816,C,5.314536,3
324,2025-12-02 11:14:38.031194,7.018751,-2.715604,C,-0.432596,3
325,2025-12-02 11:14:38.031194,15.734593,-2.229438,A,4.428795,3
326,2025-12-02 11:14:38.031194,5.513159,-0.929179,B,4.338191,3
327,2025-12-02 11:14:38.031194,12.341370,-0.411289,C,6.807138,3
328,2025-12-02 11:14:38.031194,6.307154,-2.055436,B,3.910635,3
329,2025-12-02 11:14:38.031194,9.741519,0.022538,A,5.000835,3
330,2025-12-02 11:14:38.031194,2.259580,5.710768,A,6.843965,3
331,2025-12-02 11:14:38.031194,6.162257,1.097516,A,4.207280,3
332,2025-12-02 11:14:38.031194,16.735410,5.324842,A,14.705036,3
333,2025-12-02 11:14:38.031194,9.395166,-1.937260,A,4.547158,3
334,2025-12-02 11:14:38.031194,13.047339,1.863283,A,8.908359,3
335,2025-12-02 11:14:38.031194,6.769608,-2.737536,C,3.241785,3
336,2025-12-02 11:14:38.031194,9.328335,1.823366,A,7.889984,3
337,2025-12-02 11:14:38.031194,4.546431,1.460601,A,7.566265,3
338,2025-12-02 11:14:38.031194,8.284584,-0.020170,A,6.091708,3
339,2025-12-02 11:14:38.031194,9.903753,3.513865,A,9.775122,3
340,2025-12-02 11:14:38.031194,10.481448,-0.825205,C,6.824424,3
341,2025-12-02 11:14:38.031194,11.228154,-1.840648,C,6.771894,3
342,2025-12-02 11:14:38.031194,3.318615,3.167357,A,7.476885,3
343,2025-12-02 11:14:38.031194,10.169347,-3.040995,A,6.466558,3
344,2025-12-02 11:14:38.031194,4.476514,3.781773,B,8.397464,3
345,2025-12-02 11:14:38.031194,-0.964851,-0.623513,A,2.800615,3
346,2025-12-02 11:14:38.031194,5.158149,-1.816034,A,2.013607,3
347,2025-12-02 11:14:38.031194,2.845943,0.059233,B,2.359481,3
348,2025-12-02 11:14:38.031194,11.084249,-0.003406,A,9.712600,3
349,2025-12-02 11:14:38.031194,4.302388,-0.644799,A,4.045703,3
350,2025-12-02 11:14:38.031194,-0.972199,3.216734,A,6.329390,3
351,2025-12-02 11:14:38.031194,2.850970,3.770644,B,6.326609,3
352,2025-12-02 11:14:38.031194,0.990993,3.089059,C,3.012598,3
353,2025-12-02 11:14:38.031194,8.610384,2.908244,A,11.250162,3
354,2025-12-02 11:14:38.031194,4.383997,0.084415,C,3.224609,3
355,2025-12-02 11:14:38.031194,5.507342,1.121037,B,6.452573,3
356,2025-12-02 11:14:38.031194,3.905064,1.458483,A,6.691341,3
357,2025-12-02 11:14:38.031194,4.092944,-0.123394,B,3.270783,3
358,2025-12-02 11:14:38.031194,8.461959,1.501610,A,9.053098,3
359,2025-12-02 11:14:38.031194,9.036168,1.357626,A,10.119445,3
360,2025-12-02 11:14:38.031194,0.533655,0.020156,C,4.071479,3
361,2025-12-02 11:14:38.031194,2.906637,2.116370,A,4.515973,3
362,2025-12-02 11:14:38.031194,-1.648259,3.671854,A,6.617054,3
363,2025-12-02 11:14:38.031194,2.912626,1.332365,A,5.905911,3
364,2025-12-02 11:14:38.031194,15.601867,2.053532,A,11.602106,3
365,2025-12-02 11:14:38.031194,3.439262,-1.827385,C,3.366212,3
366,2025-12-02 11:14:38.031194,9.399879,-0.714836,A,4.983509,3
367,2025-12-02 11:14:38.031194,9.678986,-3.882769,C,2.837273,3
368,2025-12-02 11:14:38.031194,3.054368,-0.818434,A,1.978538,3
369,2025-12-02 11:14:38.031194,10.692274,1.186512,C,7.734643,3
370,2025-12-02 11:14:38.031194,5.448186,0.438722,A,7.710494,3
371,2025-12-02 11:14:38.031194,11.137165,-3.257245,C,4.951652,3
372,2025-12-02 11:14:38.031194,5.022932,-0.780935,C,5.679833,3
373,2025-12-02 11:14:38.031194,2.771098,-0.631852,C,4.941658,3
374,2025-12-02 11:14:38.031194,8.820239,-0.905201,C,3.396898,3
375,2025-12-02 11:14:38.031194,11.610979,1.241034,A,8.614058,3
376,2025-12-02 11:14:38.031194,9.397448,-1.632210,C,6.961129,3
377,2025-12-02 11:14:38.031194,4.781149,-1.280851,A,4.695604,3
378,2025-12-02 11:14:38.031194,-4.450401,-0.527836,A,1.160953,3
379,2025-12-02 11:14:38.031194,16.032815,-0.987257,C,5.413925,3
380,2025-12-02 11:14:38.031194,10.468712,-2.410131,A,6.823502,3
381,2025-12-02 11:14:38.031194,5.677668,4.751673,A,8.714304,3
382,2025-12-02 11:14:38.031194,12.192243,2.866919,A,12.605817,3
383,2025-12-02 11:14:38.031194,2.467361,0.018803,A,2.913227,3
384,2025-12-02 11:14:38.031194,9.848915,-0.170004,C,5.122044,3
385,2025-12-02 11:14:38.031194,8.099935,1.224192,A,6.975223,3
386,2025-12-02 11:14:38.031194,10.028662,0.640389,A,8.517789,3
387,2025-12-02 11:14:38.031194,6.044623,-1.468039,A,6.177425,3
388,2025-12-02 11:14:38.031194,4.495196,0.871103,B,4.657507,3
389,2025-12-02 11:14:38.031194,0.077709,3.116461,A,6.766616,3
390,2025-12-02 11:14:38.031194,-4.073991,1.411536,A,-0.545128,3
391,2025-12-02 11:14:38.031194,7.377264,0.888361,A,9.098775,3
392,2025-12-02 11:14:38.031194,4.810155,1.293207,B,5.669850,3
393,2025-12-02 11:14:38.031194,2.412637,0.389355,A,4.018837,3
394,2025-12-02 11:14:38.031194,6.553246,1.167788,A,8.154913,3
395,2025-12-02 11:14:38.031194,5.742242,0.557478,C,7.034944,3
396,2025-12-02 11:14:38.031194,10.105050,-0.648162,C,2.569920,3
397,2025-12-02 11:14:38.031194,11.809170,0.163260,A,8.461672,3
398,2025-12-02 11:14:38.031194,2.065245,0.299506,C,3.984520,3
399,2025-12-02 11:14:38.031194,3.823203,2.693925,A,8.856289,3
400,2025-12-02 12:19:14.576958,5.737694,3.123287,B,9.443978,4
401,2025-12-02 12:19:14.576958,6.466250,1.521036,B,7.106412,4
402,2025-12-02 12:19:14.576958,1.099935,1.874360,A,7.134037,4
403,2025-12-02 12:19:14.576958,8.343503,-7.056186,C,2.988665,4
404,2025-12-02 12:19:14.576958,9.663380,-1.743538,C,6.302780,4
405,2025-12-02 12:19:14.576958,-0.705413,-2.459619,C,1.089332,4
406,2025-12-02 12:19:14.576958,5.580349,3.764224,A,7.104401,4
407,2025-12-02 12:19:14.576958,1.274914,-4.573033,C,-0.712358,4
408,2025-12-02 12:19:14.576958,-1.505741,-2.217246,A,-1.894311,4
409,2025-12-02 12:19:14.576958,1.979959,3.049839,A,7.490972,4
410,2025-12-02 12:19:14.576958,6.323161,4.881890,B,11.488599,4
411,2025-12-02 12:19:14.576958,3.910738,-0.502487,C,4.941770,4
412,2025-12-02 12:19:14.576958,2.465853,-1.380965,A,4.338148,4
413,2025-12-02 12:19:14.576958,4.335967,-2.331929,C,0.174704,4
414,2025-12-02 12:19:14.576958,6.218912,3.062777,A,7.941227,4
415,2025-12-02 12:19:14.576958,9.446150,-2.000248,C,5.660948,4
416,2025-12-02 12:19:14.576958,4.166456,0.535325,A,5.980298,4
417,2025-12-02 12:19:14.576958,1.429849,1.066926,A,3.869344,4
418,2025-12-02 12:19:14.576958,3.585094,0.066429,B,3.521987,4
419,2025-12-02 12:19:14.576958,6.225585,-1.736794,C,3.261025,4
420,2025-12-02 12:19:14.576958,3.170881,1.149728,B,3.556794,4
421,2025-12-02 12:19:14.576958,11.110987,-2.732591,C,3.345610,4
422,2025-12-02 12:19:14.576958,6.024821,1.343777,B,6.981022,4
423,2025-12-02 12:19:14.576958,5.994236,1.818836,B,6.083324,4
424,2025-12-02 12:19:14.576958,7.178750,0.239004,A,6.573660,4
425,2025-12-02 12:19:14.576958,1.026323,0.001327,A,2.606014,4
426,2025-12-02 12:19:14.576958,10.075050,2.406961,A,11.577782,4
427,2025-12-02 12:19:14.576958,14.372595,-3.376989,C,6.381587,4
428,2025-12-02 12:19:14.576958,0.247249,-0.391252,A,0.896946,4
429,2025-12-02 12:19:14.576958,-1.970369,-0.222709,A,1.855003,4
430,2025-12-02 12:19:14.576958,-2.425391,3.640318,A,6.380175,4
431,2025-12-02 12:19:14.576958,-9.668963,-4.626281,C,-4.876054,4
432,2025-12-02 12:19:14.576958,5.659379,3.548444,A,11.553400,4
433,2025-12-02 12:19:14.576958,8.782921,4.333050,A,10.295271,4
434,2025-12-02 12:19:14.576958,9.965373,-1.139656,A,6.019446,4
435,2025-12-02 12:19:14.576958,8.149167,-2.282554,C,4.191662,4
436,2025-12-02 12:19:14.576958,5.236873,0.323318,B,4.524002,4
437,2025-12-02 12:19:14.576958,1.864865,-1.246948,C,1.700304,4
438,2025-12-02 12:19:14.576958,7.044792,0.380459,B,7.937887,4
439,2025-12-02 12:19:14.576958,10.208489,0.555423,C,8.944359,4
440,2025-12-02 12:19:14.576958,6.313095,-2.731767,C,6.002254,4
441,2025-12-02 12:19:14.576958,0.908078,1.409016,A,5.262396,4
442,2025-12-02 12:19:14.576958,9.009734,-1.246579,A,7.379706,4
443,2025-12-02 12:19:14.576958,9.535585,0.855789,A,6.003060,4
444,2025-12-02 12:19:14.576958,8.659381,1.224500,A,9.343169,4
445,2025-12-02 12:19:14.576958,3.705194,3.004354,A,6.099347,4
446,2025-12-02 12:19:14.576958,5.202113,-1.343182,A,3.264056,4
447,2025-12-02 12:19:14.576958,4.879782,-0.255084,B,4.177059,4
448,2025-12-02 12:19:14.576958,8.996790,0.649577,B,7.786609,4
449,2025-12-02 12:19:14.576958,3.874868,-0.435145,A,7.676573,4
450,2025-12-02 12:19:14.576958,3.447194,4.112905,A,5.113824,4
451,2025-12-02 12:19:14.576958,7.722773,2.050906,B,9.283982,4
452,2025-12-02 12:19:14.576958,11.774271,-1.127276,C,9.865054,4
453,2025-12-02 12:19:14.576958,3.469994,1.081130,A,4.070322,4
454,2025-12-02 12:19:14.576958,8.004025,-3.912765,C,1.193373,4
455,2025-12-02 12:19:14.576958,6.821362,-2.342090,A,3.275823,4
456,2025-12-02 12:19:14.576958,7.257514,2.912541,C,6.401090,4
457,2025-12-02 12:19:14.576958,-3.267316,-2.420461,A,-1.454942,4
458,2025-12-02 12:19:14.576958,6.314507,3.578851,A,9.014132,4
459,2025-12-02 12:19:14.576958,4.870966,0.580540,B,6.165974,4
460,2025-12-02 12:19:14.576958,5.919639,2.223273,A,7.444563,4
461,2025-12-02 12:19:14.576958,6.771941,-0.150574,B,5.989950,4
462,2025-12-02 12:19:14.576958,5.559551,2.545054,B,7.275331,4
463,2025-12-02 12:19:14.576958,2.379685,0.588652,A,4.171494,4
464,2025-12-02 12:19:14.576958,3.194864,1.312436,B,4.260700,4
465,2025-12-02 12:19:14.576958,2.506402,4.751885,C,6.376702,4
466,2025-12-02 12:19:14.576958,6.393853,0.150442,C,5.795910,4
467,2025-12-02 12:19:14.576958,-0.312280,-0.480649,A,2.093654,4
468,2025-12-02 12:19:14.576958,6.435049,-0.846874,C,6.299153,4
469,2025-12-02 12:19:14.576958,4.411052,2.514616,A,8.415841,4
470,2025-12-02 12:19:14.576958,15.298005,-2.049322,C,4.836904,4
471,2025-12-02 12:19:14.576958,5.760349,1.043128,B,7.584923,4
472,2025-12-02 12:19:14.576958,9.626815,5.760868,A,15.311778,4
473,2025-12-02 12:19:14.576958,7.146035,1.175804,B,9.386537,4
474,2025-12-02 12:19:14.576958,6.262061,1.707876,A,6.481597,4
475,2025-12-02 12:19:14.576958,5.676816,2.869220,B,8.964783,4
476,2025-12-02 12:19:14.576958,6.477921,5.056801,B,12.891519,4
477,2025-12-02 12:19:14.576958,7.407860,-3.067084,C,3.145517,4
478,2025-12-02 12:19:14.576958,8.480864,-6.377758,A,-1.437850,4
479,2025-12-02 12:19:14.576958,11.066809,-3.142842,C,4.673328,4
480,2025-12-02 12:19:14.576958,5.898865,3.400080,B,8.080583,4
481,2025-12-02 12:19:14.576958,-3.296655,2.688391,C,5.406447,4
482,2025-12-02 12:19:14.576958,7.110509,3.102402,A,10.183168,4
483,2025-12-02 12:19:14.576958,4.614045,-3.335683,B,1.086964,4
484,2025-12-02 12:19:14.576958,7.338331,-2.052872,C,1.817643,4
485,2025-12-02 12:19:14.576958,-0.473102,-2.760601,A,0.293537,4
486,2025-12-02 12:19:14.576958,2.474421,2.014895,A,5.299628,4
487,2025-12-02 12:19:14.576958,1.808816,-0.630049,A,3.643090,4
488,2025-12-02 12:19:14.576958,4.963418,-0.106539,B,3.779464,4
489,2025-12-02 12:19:14.576958,6.854504,-4.159113,C,1.203253,4
490,2025-12-02 12:19:14.576958,4.024236,-2.777780,A,-0.273154,4
491,2025-12-02 12:19:14.576958,11.026638,2.047600,A,8.037945,4
492,2025-12-02 12:19:14.576958,1.807592,2.381218,C,11.716501,4
493,2025-12-02 12:19:14.576958,12.891371,-0.626352,C,5.103340,4
494,2025-12-02 12:19:14.576958,5.580410,2.203042,C,9.207468,4
495,2025-12-02 12:19:14.576958,6.584450,-0.389152,B,5.614590,4
496,2025-12-02 12:19:14.576958,2.189514,-2.380675,A,2.422144,4
497,2025-12-02 12:19:14.576958,8.785328,-3.127385,C,2.608567,4
498,2025-12-02 12:19:14.576958,7.020739,-0.949412,A,3.677964,4
499,2025-12-02 12:19:14.576958,1.356436,-1.240130,A,3.046768,4
