"",timestamp,"",X,W,C,Y
0,2025-11-20T13:19:10.649103,0,4.354152,1.925008,B,6.887135
1,2025-11-20T13:19:10.649103,1,6.162612,1.963571,A,5.271521
2,2025-11-20T13:19:10.649103,2,10.482143,-1.608415,C,5.087114
3,2025-11-20T13:19:10.649103,3,2.007054,1.740785,A,6.007736
4,2025-11-20T13:19:10.649103,4,0.805013,-0.598868,A,5.854437
5,2025-11-20T13:19:10.649103,5,2.322882,3.688918,A,7.920086
6,2025-11-20T13:19:10.649103,6,6.626421,1.328715,A,5.990685
7,2025-11-20T13:19:10.649103,7,8.706431,-3.329443,C,1.371315
8,2025-11-20T13:19:10.649103,8,5.536054,5.064528,A,10.808018
9,2025-11-20T13:19:10.649103,9,6.874117,4.460508,B,12.903320
10,2025-11-20T13:19:10.649103,10,-1.465566,0.771590,A,2.294552
11,2025-11-20T13:19:10.649103,11,8.970486,2.858490,A,8.010032
12,2025-11-20T13:19:10.649103,12,7.212699,1.016423,A,5.025237
13,2025-11-20T13:19:10.649103,13,3.092870,1.989076,B,5.041427
14,2025-11-20T13:19:10.649103,14,1.928798,-0.372223,A,1.125572
15,2025-11-20T13:19:10.649103,15,8.504799,2.129390,A,6.252305
16,2025-11-20T13:19:10.649103,16,1.444089,4.646708,A,6.345507
17,2025-11-20T13:19:10.649103,17,6.647459,5.189180,A,7.759234
18,2025-11-20T13:19:10.649103,18,1.579652,-0.145587,A,3.529972
19,2025-11-20T13:19:10.649103,19,-4.500491,3.228516,A,3.770259
20,2025-11-20T13:19:10.649103,20,1.786403,-3.613450,C,-0.874274
21,2025-11-20T13:19:10.649103,21,1.474217,2.787467,A,5.167891
22,2025-11-20T13:19:10.649103,22,-1.175833,6.354798,A,7.987405
23,2025-11-20T13:19:10.649103,23,8.150608,0.953122,A,9.789571
24,2025-11-20T13:19:10.649103,24,6.843525,4.640586,B,10.794635
25,2025-11-20T13:19:10.649103,25,5.142478,7.028265,A,11.763353
26,2025-11-20T13:19:10.649103,26,5.112966,2.842361,B,8.465609
27,2025-11-20T13:19:10.649103,27,2.632686,0.121560,B,3.659382
28,2025-11-20T13:19:10.649103,28,4.606460,-2.650973,C,4.616282
29,2025-11-20T13:19:10.649103,29,13.340391,4.690905,A,12.987362
30,2025-11-20T13:19:10.649103,30,-1.503168,7.202495,A,14.139624
31,2025-11-20T13:19:10.649103,31,6.712163,3.243262,B,10.255767
32,2025-11-20T13:19:10.649103,32,8.509831,-8.074045,C,-1.027268
33,2025-11-20T13:19:10.649103,33,5.987666,-8.067500,C,0.497496
34,2025-11-20T13:19:10.649103,34,-0.772578,3.607686,A,7.231673
35,2025-11-20T13:19:10.649103,35,2.624692,2.977168,A,4.742591
36,2025-11-20T13:19:10.649103,36,0.579978,2.208487,A,4.799247
37,2025-11-20T13:19:10.649103,37,10.478387,1.914141,A,5.413098
38,2025-11-20T13:19:10.649103,38,1.071633,5.584199,A,9.701703
39,2025-11-20T13:19:10.649103,39,6.935968,-3.768893,C,0.201126
40,2025-11-20T13:19:10.649103,40,10.002878,5.227457,A,10.845305
41,2025-11-20T13:19:10.649103,41,6.397676,0.902267,A,7.457565
42,2025-11-20T13:19:10.649103,42,13.617353,1.449626,A,10.871386
43,2025-11-20T13:19:10.649103,43,1.712592,0.707202,B,2.406435
44,2025-11-20T13:19:10.649103,44,2.507301,0.965009,B,2.740527
45,2025-11-20T13:19:10.649103,45,6.984607,4.268836,A,10.735080
46,2025-11-20T13:19:10.649103,46,2.276216,1.019754,B,3.066454
47,2025-11-20T13:19:10.649103,47,3.127861,1.952119,A,6.516252
48,2025-11-20T13:19:10.649103,48,1.471437,-1.620782,C,3.942247
49,2025-11-20T13:19:10.649103,49,-0.630540,-0.615589,C,2.883927
50,2025-11-20T13:19:10.649103,50,11.168435,2.689667,A,10.507554
51,2025-11-20T13:19:10.649103,51,3.586681,0.647395,B,3.345419
52,2025-11-20T13:19:10.649103,52,0.526922,2.654595,A,3.217534
53,2025-11-20T13:19:10.649103,53,6.710196,4.252777,A,7.940769
54,2025-11-20T13:19:10.649103,54,-2.132249,3.018136,A,4.828316
55,2025-11-20T13:19:10.649103,55,-4.756351,-1.484763,C,0.088692
56,2025-11-20T13:19:10.649103,56,8.560290,-2.317117,C,3.842921
57,2025-11-20T13:19:10.649103,57,7.974975,-6.706057,C,2.062228
58,2025-11-20T13:19:10.649103,58,3.981502,7.412183,A,11.580487
59,2025-11-20T13:19:10.649103,59,3.261486,-1.754213,A,3.712770
60,2025-11-20T13:19:10.649103,60,10.163796,-1.736705,C,4.640484
61,2025-11-20T13:19:10.649103,61,-1.762710,-6.532483,C,-1.649532
62,2025-11-20T13:19:10.649103,62,5.480237,-4.076392,C,0.320030
63,2025-11-20T13:19:10.649103,63,4.476658,3.247232,A,10.433573
64,2025-11-20T13:19:10.649103,64,-4.102968,-3.136778,C,-2.930598
65,2025-11-20T13:19:10.649103,65,3.672335,3.979542,A,7.487955
66,2025-11-20T13:19:10.649103,66,-1.600977,1.533146,A,2.802777
67,2025-11-20T13:19:10.649103,67,5.211744,4.322175,B,8.238240
68,2025-11-20T13:19:10.649103,68,4.731671,-2.792412,C,3.114777
69,2025-11-20T13:19:10.649103,69,5.199027,1.000990,B,5.896405
70,2025-11-20T13:19:10.649103,70,4.918390,8.222086,A,13.308162
71,2025-11-20T13:19:10.649103,71,2.247033,-2.187497,C,4.313737
72,2025-11-20T13:19:10.649103,72,14.013257,5.730434,A,13.595313
73,2025-11-20T13:19:10.649103,73,1.786372,-4.325825,C,0.203878
74,2025-11-20T13:19:10.649103,74,14.529812,-4.114145,C,5.825542
75,2025-11-20T13:19:10.649103,75,6.997417,3.460668,A,12.317618
76,2025-11-20T13:19:10.649103,76,2.983127,-6.684769,C,-1.357644
77,2025-11-20T13:19:10.649103,77,-0.672443,4.689265,A,7.260485
78,2025-11-20T13:19:10.649103,78,4.854939,4.882619,A,10.227094
79,2025-11-20T13:19:10.649103,79,3.569660,1.313203,A,5.146930
80,2025-11-20T13:19:10.649103,80,2.814570,-4.251032,C,-1.111483
81,2025-11-20T13:19:10.649103,81,4.520883,4.020319,B,8.103123
82,2025-11-20T13:19:10.649103,82,7.580761,6.893645,B,14.476823
83,2025-11-20T13:19:10.649103,83,-0.725363,-4.875206,C,-1.301480
84,2025-11-20T13:19:10.649103,84,6.780974,-2.390008,C,5.399043
85,2025-11-20T13:19:10.649103,85,8.584263,4.944876,B,12.981601
86,2025-11-20T13:19:10.649103,86,-4.918705,1.052696,A,1.744728
87,2025-11-20T13:19:10.649103,87,8.939741,-2.390982,C,4.848997
88,2025-11-20T13:19:10.649103,88,2.974828,-3.815516,C,-0.082477
89,2025-11-20T13:19:10.649103,89,5.293926,1.455429,B,8.291765
90,2025-11-20T13:19:10.649103,90,8.032617,6.895543,B,15.963344
91,2025-11-20T13:19:10.649103,91,5.933583,2.754008,A,9.018476
92,2025-11-20T13:19:10.649103,92,6.646896,5.419754,B,13.584637
93,2025-11-20T13:19:10.649103,93,7.321910,-2.659453,C,1.141814
94,2025-11-20T13:19:10.649103,94,9.163617,5.899711,A,10.397297
95,2025-11-20T13:19:10.649103,95,4.647111,1.086112,B,4.675453
96,2025-11-20T13:19:10.649103,96,8.639198,-4.166633,C,0.716164
97,2025-11-20T13:19:10.649103,97,6.006588,0.695128,B,7.155585
98,2025-11-20T13:19:10.649103,98,2.903647,2.070289,A,5.729212
99,2025-11-20T13:19:10.649103,99,8.989488,6.051722,A,11.432879
100,2025-11-20T13:21:34.518446,0,4.498493,3.825556,A,12.023029
101,2025-11-20T13:21:34.518446,1,3.196550,6.636488,A,9.888882
102,2025-11-20T13:21:34.518446,2,3.631114,3.611124,A,5.666860
103,2025-11-20T13:21:34.518446,3,4.501450,5.532624,B,11.096394
104,2025-11-20T13:21:34.518446,4,8.075612,0.343225,B,9.361409
105,2025-11-20T13:21:34.518446,5,7.893804,3.726052,A,9.021416
106,2025-11-20T13:21:34.518446,6,6.062168,-3.979691,C,2.812425
107,2025-11-20T13:21:34.518446,7,1.422354,0.710545,A,3.134670
108,2025-11-20T13:21:34.518446,8,12.183735,3.014181,A,12.514441
109,2025-11-20T13:21:34.518446,9,5.674370,0.811458,A,4.916209
110,2025-11-20T13:21:34.518446,10,8.426726,5.242099,B,12.568364
111,2025-11-20T13:21:34.518446,11,-0.706016,-4.651184,C,-2.664398
112,2025-11-20T13:21:34.518446,12,8.064226,5.503999,A,13.104765
113,2025-11-20T13:21:34.518446,13,-4.178161,-0.691087,C,0.636495
114,2025-11-20T13:21:34.518446,14,2.993346,-2.511300,C,2.566065
115,2025-11-20T13:21:34.518446,15,4.545978,2.150689,A,7.027563
116,2025-11-20T13:21:34.518446,16,6.358747,2.787737,A,7.846415
117,2025-11-20T13:21:34.518446,17,4.219950,2.263529,A,8.171017
118,2025-11-20T13:21:34.518446,18,3.829114,-2.044191,C,3.761057
119,2025-11-20T13:21:34.518446,19,7.989507,-4.365147,C,3.278809
120,2025-11-20T13:21:34.518446,20,1.348038,3.931202,B,5.558558
121,2025-11-20T13:21:34.518446,21,4.295648,4.705622,B,7.639047
122,2025-11-20T13:21:34.518446,22,4.382822,-0.274956,B,4.297284
123,2025-11-20T13:21:34.518446,23,2.986247,7.066229,A,9.302274
124,2025-11-20T13:21:34.518446,24,5.467438,1.469567,B,5.375821
125,2025-11-20T13:21:34.518446,25,8.774434,6.133643,A,13.445535
126,2025-11-20T13:21:34.518446,26,10.680656,2.331261,B,11.652215
127,2025-11-20T13:21:34.518446,27,0.787810,3.162313,A,5.986354
128,2025-11-20T13:21:34.518446,28,9.129917,6.692323,A,13.735948
129,2025-11-20T13:21:34.518446,29,7.477208,7.601456,B,14.410463
130,2025-11-20T13:21:34.518446,30,2.006555,2.493329,A,5.914200
131,2025-11-20T13:21:34.518446,31,11.313727,4.080176,A,13.592604
132,2025-11-20T13:21:34.518446,32,5.979348,-4.387131,C,1.723920
133,2025-11-20T13:21:34.518446,33,6.806087,4.703475,B,11.746034
134,2025-11-20T13:21:34.518446,34,6.808209,-0.273333,B,7.600684
135,2025-11-20T13:21:34.518446,35,4.284087,-6.829387,C,-0.912795
136,2025-11-20T13:21:34.518446,36,-8.545760,4.822955,A,4.210983
137,2025-11-20T13:21:34.518446,37,4.681656,6.568619,B,11.418179
138,2025-11-20T13:21:34.518446,38,9.834455,5.335733,A,12.738411
139,2025-11-20T13:21:34.518446,39,6.039283,5.005452,A,11.493797
140,2025-11-20T13:21:34.518446,40,-5.130991,-6.090095,C,-6.610997
141,2025-11-20T13:21:34.518446,41,4.866291,4.060318,A,8.509144
142,2025-11-20T13:21:34.518446,42,-0.093559,0.238417,C,4.086045
143,2025-11-20T13:21:34.518446,43,4.665955,-3.296987,C,2.465093
144,2025-11-20T13:21:34.518446,44,0.112890,2.759664,A,5.110491
145,2025-11-20T13:21:34.518446,45,5.249032,5.034675,B,9.794929
146,2025-11-20T13:21:34.518446,46,4.988936,6.263168,A,10.134583
147,2025-11-20T13:21:34.518446,47,8.380296,-4.881865,C,1.861175
148,2025-11-20T13:21:34.518446,48,7.006800,-3.379994,C,2.491847
149,2025-11-20T13:21:34.518446,49,9.811233,6.661034,A,11.857814
150,2025-11-20T13:21:34.518446,50,-2.250741,-1.999047,C,1.525722
151,2025-11-20T13:21:34.518446,51,12.196274,5.783627,A,12.968674
152,2025-11-20T13:21:34.518446,52,9.098687,2.545203,A,8.734344
153,2025-11-20T13:21:34.518446,53,8.055135,-3.068502,C,5.236698
154,2025-11-20T13:21:34.518446,54,9.814332,3.267010,B,14.331441
155,2025-11-20T13:21:34.518446,55,4.741394,-0.300793,A,4.801568
156,2025-11-20T13:21:34.518446,56,3.071889,-3.222088,C,0.084064
157,2025-11-20T13:21:34.518446,57,0.102383,6.005729,A,10.031511
158,2025-11-20T13:21:34.518446,58,3.238922,5.770488,B,8.202736
159,2025-11-20T13:21:34.518446,59,3.365684,3.069139,A,8.012930
160,2025-11-20T13:21:34.518446,60,15.032458,-1.898514,C,7.271521
161,2025-11-20T13:21:34.518446,61,0.832498,5.302699,A,9.190725
162,2025-11-20T13:21:34.518446,62,4.501715,9.012325,B,13.131331
163,2025-11-20T13:21:34.518446,63,3.743123,-2.764357,C,1.027961
164,2025-11-20T13:21:34.518446,64,1.067227,3.081071,A,3.951317
165,2025-11-20T13:21:34.518446,65,6.723138,7.107412,A,10.051238
166,2025-11-20T13:21:34.518446,66,3.543772,4.351163,B,9.063687
167,2025-11-20T13:21:34.518446,67,1.065790,1.706691,A,8.127812
168,2025-11-20T13:21:34.518446,68,6.451476,-0.662154,C,3.766926
169,2025-11-20T13:21:34.518446,69,6.557958,4.575781,A,9.577666
170,2025-11-20T13:21:34.518446,70,1.914016,0.187147,A,6.668631
171,2025-11-20T13:21:34.518446,71,8.029124,3.010047,B,11.026756
172,2025-11-20T13:21:34.518446,72,6.018805,5.208502,B,11.047153
173,2025-11-20T13:21:34.518446,73,6.241976,-5.047831,C,-0.265401
174,2025-11-20T13:21:34.518446,74,2.766772,3.935136,B,7.679946
175,2025-11-20T13:21:34.518446,75,8.213741,2.241457,A,8.844191
176,2025-11-20T13:21:34.518446,76,1.758073,3.360853,A,6.982567
177,2025-11-20T13:21:34.518446,77,2.786777,-5.570744,C,0.651151
178,2025-11-20T13:21:34.518446,78,5.103217,2.985119,A,8.706670
179,2025-11-20T13:21:34.518446,79,4.694959,1.934603,A,5.258439
180,2025-11-20T13:21:34.518446,80,2.982586,1.669273,A,4.973628
181,2025-11-20T13:21:34.518446,81,12.595554,3.618169,A,13.256441
182,2025-11-20T13:21:34.518446,82,-0.985474,5.371886,A,8.177343
183,2025-11-20T13:21:34.518446,83,3.720933,3.208535,A,7.232955
184,2025-11-20T13:21:34.518446,84,4.220563,1.781535,B,6.981436
185,2025-11-20T13:21:34.518446,85,12.328018,4.475305,A,10.823987
186,2025-11-20T13:21:34.518446,86,-0.531406,-0.423699,C,2.849302
187,2025-11-20T13:21:34.518446,87,1.973177,3.031630,B,4.823594
188,2025-11-20T13:21:34.518446,88,0.046382,-1.559839,C,1.418603
189,2025-11-20T13:21:34.518446,89,0.825411,1.984665,A,3.791969
190,2025-11-20T13:21:34.518446,90,2.888875,1.914869,A,7.008257
191,2025-11-20T13:21:34.518446,91,5.822296,-3.468887,C,1.264614
192,2025-11-20T13:21:34.518446,92,5.377465,-0.180657,B,3.902890
193,2025-11-20T13:21:34.518446,93,12.333789,1.074834,A,9.600750
194,2025-11-20T13:21:34.518446,94,6.472088,5.965586,A,12.299058
195,2025-11-20T13:21:34.518446,95,0.690381,0.723767,A,6.102587
196,2025-11-20T13:21:34.518446,96,4.343724,5.698131,A,9.494385
197,2025-11-20T13:21:34.518446,97,2.251634,1.450356,A,4.406093
198,2025-11-20T13:21:34.518446,98,5.178063,-3.976031,C,1.676650
199,2025-11-20T13:21:34.518446,99,8.672059,5.218623,A,8.035969
200,2025-11-20T13:24:48.745887,0,2.667549,4.319820,B,7.215906
201,2025-11-20T13:24:48.745887,1,3.703883,-0.177445,B,4.137579
202,2025-11-20T13:24:48.745887,2,4.473122,0.564058,A,6.417990
203,2025-11-20T13:24:48.745887,3,2.582462,-0.269549,B,2.443836
204,2025-11-20T13:24:48.745887,4,8.243246,3.566930,A,9.349335
205,2025-11-20T13:24:48.745887,5,10.464379,-6.670286,C,-0.641484
206,2025-11-20T13:24:48.745887,6,8.292573,2.041026,A,6.883070
207,2025-11-20T13:24:48.745887,7,6.014396,0.908288,B,7.534114
208,2025-11-20T13:24:48.745887,8,2.970186,7.584294,B,9.474567
209,2025-11-20T13:24:48.745887,9,6.258640,4.013091,B,10.777866
210,2025-11-20T13:24:48.745887,10,7.579876,1.842164,A,5.080613
211,2025-11-20T13:24:48.745887,11,5.437940,5.956111,B,10.380598
212,2025-11-20T13:24:48.745887,12,2.442250,3.591812,A,9.039957
213,2025-11-20T13:24:48.745887,13,3.418861,-3.084330,C,-0.766654
214,2025-11-20T13:24:48.745887,14,0.987528,-2.658288,C,0.890808
215,2025-11-20T13:24:48.745887,15,9.811466,1.829774,A,6.912551
216,2025-11-20T13:24:48.745887,16,1.233221,5.155607,B,7.439601
217,2025-11-20T13:24:48.745887,17,5.282737,0.781516,A,7.616441
218,2025-11-20T13:24:48.745887,18,-0.676020,2.963175,A,6.122264
219,2025-11-20T13:24:48.745887,19,-2.511106,1.983003,A,3.542511
220,2025-11-20T13:24:48.745887,20,9.265956,0.454950,C,5.416720
221,2025-11-20T13:24:48.745887,21,-0.312268,2.462344,A,4.846743
222,2025-11-20T13:24:48.745887,22,7.812493,-3.243635,C,4.396738
223,2025-11-20T13:24:48.745887,23,0.184320,3.177332,A,7.840936
224,2025-11-20T13:24:48.745887,24,4.425051,0.717394,C,3.943683
225,2025-11-20T13:24:48.745887,25,1.464917,5.443330,A,9.395826
226,2025-11-20T13:24:48.745887,26,4.814695,2.186807,B,6.926059
227,2025-11-20T13:24:48.745887,27,-1.876296,6.547388,A,8.684416
228,2025-11-20T13:24:48.745887,28,5.347583,3.223940,A,7.962463
229,2025-11-20T13:24:48.745887,29,0.159702,-1.565093,C,4.645536
230,2025-11-20T13:24:48.745887,30,4.255489,3.343863,B,8.473819
231,2025-11-20T13:24:48.745887,31,7.157612,3.641814,A,9.174132
232,2025-11-20T13:24:48.745887,32,1.562742,2.499736,A,6.470673
233,2025-11-20T13:24:48.745887,33,-1.771876,-3.295427,C,0.858331
234,2025-11-20T13:24:48.745887,34,5.820239,2.408772,A,9.058487
235,2025-11-20T13:24:48.745887,35,7.818538,-1.095423,C,4.089087
236,2025-11-20T13:24:48.745887,36,9.272955,0.901624,A,7.847930
237,2025-11-20T13:24:48.745887,37,7.015467,-0.598505,B,5.788373
238,2025-11-20T13:24:48.745887,38,1.461120,-7.339886,C,-4.950375
239,2025-11-20T13:24:48.745887,39,-0.308433,4.962359,A,6.559977
240,2025-11-20T13:24:48.745887,40,3.982316,4.597712,B,9.565346
241,2025-11-20T13:24:48.745887,41,3.998667,-2.024857,B,0.825683
242,2025-11-20T13:24:48.745887,42,12.425569,0.419974,A,2.660859
243,2025-11-20T13:24:48.745887,43,6.550656,1.034103,A,3.659909
244,2025-11-20T13:24:48.745887,44,5.205422,-1.031393,B,5.069487
245,2025-11-20T13:24:48.745887,45,5.986652,1.821983,B,7.975911
246,2025-11-20T13:24:48.745887,46,3.821085,-2.647006,C,-0.984635
247,2025-11-20T13:24:48.745887,47,3.779972,-3.670632,C,1.205316
248,2025-11-20T13:24:48.745887,48,-1.548332,4.764455,A,8.524633
249,2025-11-20T13:24:48.745887,49,4.766840,1.848967,B,5.057808
250,2025-11-20T13:24:48.745887,50,4.961613,1.536825,B,8.552528
251,2025-11-20T13:24:48.745887,51,-1.679685,3.817546,A,6.226813
252,2025-11-20T13:24:48.745887,52,8.758270,-0.938311,B,8.434696
253,2025-11-20T13:24:48.745887,53,2.629769,-3.430410,C,1.420944
254,2025-11-20T13:24:48.745887,54,5.621600,1.353226,A,5.984523
255,2025-11-20T13:24:48.745887,55,4.594762,1.760699,A,6.588913
256,2025-11-20T13:24:48.745887,56,5.152923,-0.135290,B,5.734725
257,2025-11-20T13:24:48.745887,57,13.628325,-3.598183,C,4.919392
258,2025-11-20T13:24:48.745887,58,9.615653,3.374393,A,10.396034
259,2025-11-20T13:24:48.745887,59,6.466578,4.110266,A,9.064495
260,2025-11-20T13:24:48.745887,60,5.063653,6.179862,A,12.428701
261,2025-11-20T13:24:48.745887,61,3.160721,-0.937166,A,1.685411
262,2025-11-20T13:24:48.745887,62,3.980844,2.530836,A,7.565172
263,2025-11-20T13:24:48.745887,63,9.831013,4.382722,A,12.719823
264,2025-11-20T13:24:48.745887,64,7.679153,1.474114,A,5.320200
265,2025-11-20T13:24:48.745887,65,3.830108,-5.598522,C,0.264234
266,2025-11-20T13:24:48.745887,66,-1.735517,-0.277127,C,3.537329
267,2025-11-20T13:24:48.745887,67,8.782996,-1.439352,C,4.214449
268,2025-11-20T13:24:48.745887,68,4.406604,6.976814,B,12.597991
269,2025-11-20T13:24:48.745887,69,-3.225951,4.425541,A,5.274773
270,2025-11-20T13:24:48.745887,70,7.114303,4.266438,B,10.469721
271,2025-11-20T13:24:48.745887,71,5.375567,4.819722,A,11.731657
272,2025-11-20T13:24:48.745887,72,4.350451,-3.230305,C,-1.917609
273,2025-11-20T13:24:48.745887,73,4.011774,3.692592,A,6.433967
274,2025-11-20T13:24:48.745887,74,8.244216,-0.412158,A,8.402753
275,2025-11-20T13:24:48.745887,75,2.398487,6.186707,B,9.492506
276,2025-11-20T13:24:48.745887,76,10.366593,-6.821659,C,0.336794
277,2025-11-20T13:24:48.745887,77,6.534799,3.304725,B,8.510516
278,2025-11-20T13:24:48.745887,78,0.750572,3.632836,A,8.648455
279,2025-11-20T13:24:48.745887,79,8.712028,4.289921,A,13.693008
280,2025-11-20T13:24:48.745887,80,4.727252,-1.545400,C,5.120604
281,2025-11-20T13:24:48.745887,81,3.671634,5.394757,A,10.022882
282,2025-11-20T13:24:48.745887,82,2.183625,2.871487,B,5.196690
283,2025-11-20T13:24:48.745887,83,-5.926823,-1.675926,A,-2.693883
284,2025-11-20T13:24:48.745887,84,10.569258,-2.196917,C,5.336658
285,2025-11-20T13:24:48.745887,85,-2.210162,4.911354,A,4.772693
286,2025-11-20T13:24:48.745887,86,0.379893,-2.189503,C,-1.281711
287,2025-11-20T13:24:48.745887,87,9.457601,3.165285,A,10.577343
288,2025-11-20T13:24:48.745887,88,10.393653,-3.070008,C,4.441417
289,2025-11-20T13:24:48.745887,89,11.298232,-5.407115,C,2.432248
290,2025-11-20T13:24:48.745887,90,6.749766,-0.422223,C,6.037695
291,2025-11-20T13:24:48.745887,91,10.595798,2.614439,A,9.991318
292,2025-11-20T13:24:48.745887,92,4.256164,-6.812651,C,-3.037937
293,2025-11-20T13:24:48.745887,93,11.041099,4.574069,A,9.946390
294,2025-11-20T13:24:48.745887,94,2.753072,5.241835,A,10.989042
295,2025-11-20T13:24:48.745887,95,1.778150,7.544015,A,11.527802
296,2025-11-20T13:24:48.745887,96,3.026197,2.931820,A,7.365130
297,2025-11-20T13:24:48.745887,97,6.049906,5.154083,B,11.286555
298,2025-11-20T13:24:48.745887,98,5.595114,2.292366,B,8.134017
299,2025-11-20T13:24:48.745887,99,11.261169,3.678714,A,10.166536
300,2025-11-20T13:25:17.992754,0,-3.025847,3.456672,A,2.746671
301,2025-11-20T13:25:17.992754,1,7.198513,-0.889427,C,4.893192
302,2025-11-20T13:25:17.992754,2,7.653447,4.106539,A,11.918778
303,2025-11-20T13:25:17.992754,3,9.705600,-2.417051,C,3.540984
304,2025-11-20T13:25:17.992754,4,4.601292,3.610736,A,8.952907
305,2025-11-20T13:25:17.992754,5,4.461802,3.927009,B,8.120329
306,2025-11-20T13:25:17.992754,6,-3.306301,-6.268193,C,-5.094755
307,2025-11-20T13:25:17.992754,7,2.971893,0.662937,B,2.552098
308,2025-11-20T13:25:17.992754,8,2.255991,6.568169,A,12.176986
309,2025-11-20T13:25:17.992754,9,-1.579560,1.110392,A,5.333460
310,2025-11-20T13:25:17.992754,10,3.308512,6.319626,B,9.023867
311,2025-11-20T13:25:17.992754,11,15.061940,3.500155,A,11.395325
312,2025-11-20T13:25:17.992754,12,5.784697,-5.704330,C,0.501926
313,2025-11-20T13:25:17.992754,13,4.964778,0.784628,B,4.925384
314,2025-11-20T13:25:17.992754,14,-0.113391,-0.208569,A,0.950431
315,2025-11-20T13:25:17.992754,15,1.837946,-5.298884,C,-2.488184
316,2025-11-20T13:25:17.992754,16,-1.685597,1.170515,A,4.280890
317,2025-11-20T13:25:17.992754,17,4.542489,0.511368,B,6.696678
318,2025-11-20T13:25:17.992754,18,11.347478,5.502217,A,15.586423
319,2025-11-20T13:25:17.992754,19,2.437849,3.348855,A,7.015686
320,2025-11-20T13:25:17.992754,20,-2.756963,-3.829726,C,-2.737217
321,2025-11-20T13:25:17.992754,21,-4.981221,1.528155,A,2.847003
322,2025-11-20T13:25:17.992754,22,0.916943,-3.146587,C,-1.176192
323,2025-11-20T13:25:17.992754,23,8.384028,3.430854,A,10.114918
324,2025-11-20T13:25:17.992754,24,0.906092,3.357028,A,7.775595
325,2025-11-20T13:25:17.992754,25,0.333045,-4.843295,C,0.680855
326,2025-11-20T13:25:17.992754,26,3.883501,-0.355342,B,3.483520
327,2025-11-20T13:25:17.992754,27,11.986447,-1.084779,C,8.126219
328,2025-11-20T13:25:17.992754,28,3.050253,-7.131705,C,-2.804620
329,2025-11-20T13:25:17.992754,29,12.559901,-3.340514,C,9.083584
330,2025-11-20T13:25:17.992754,30,-0.496719,2.049563,A,4.944017
331,2025-11-20T13:25:17.992754,31,3.291061,3.106026,A,6.087957
332,2025-11-20T13:25:17.992754,32,5.686602,6.133954,A,9.969866
333,2025-11-20T13:25:17.992754,33,5.743549,2.660292,A,8.476942
334,2025-11-20T13:25:17.992754,34,13.207090,-2.463084,C,2.623341
335,2025-11-20T13:25:17.992754,35,7.229306,-0.464035,A,3.835629
336,2025-11-20T13:25:17.992754,36,1.035501,3.659340,A,7.820123
337,2025-11-20T13:25:17.992754,37,2.112477,4.597890,B,6.771986
338,2025-11-20T13:25:17.992754,38,0.252351,1.669960,A,6.633926
339,2025-11-20T13:25:17.992754,39,1.256747,3.522329,B,3.331410
340,2025-11-20T13:25:17.992754,40,0.710948,-0.724974,A,3.511177
341,2025-11-20T13:25:17.992754,41,3.594684,5.068551,B,9.861020
342,2025-11-20T13:25:17.992754,42,-2.506389,2.337768,A,5.529845
343,2025-11-20T13:25:17.992754,43,8.043373,5.029785,A,13.580589
344,2025-11-20T13:25:17.992754,44,2.898971,2.405002,A,7.282624
345,2025-11-20T13:25:17.992754,45,4.068744,4.004723,A,10.898217
346,2025-11-20T13:25:17.992754,46,3.954260,2.794521,A,6.734855
347,2025-11-20T13:25:17.992754,47,0.964118,-3.286933,C,-0.554187
348,2025-11-20T13:25:17.992754,48,1.132320,2.337069,A,5.503470
349,2025-11-20T13:25:17.992754,49,2.941968,-1.701041,C,3.660088
350,2025-11-20T13:25:17.992754,50,6.693766,-1.821748,C,4.432324
351,2025-11-20T13:25:17.992754,51,5.569164,1.170528,A,8.826617
352,2025-11-20T13:25:17.992754,52,1.330229,2.718665,A,8.924777
353,2025-11-20T13:25:17.992754,53,-0.883918,-0.365932,A,-0.108605
354,2025-11-20T13:25:17.992754,54,11.377896,2.270154,A,10.817673
355,2025-11-20T13:25:17.992754,55,7.433475,2.378189,A,9.584364
356,2025-11-20T13:25:17.992754,56,1.129315,3.360286,A,7.774229
357,2025-11-20T13:25:17.992754,57,-1.414625,-0.291150,C,3.696825
358,2025-11-20T13:25:17.992754,58,3.628940,5.583252,A,11.113563
359,2025-11-20T13:25:17.992754,59,5.442450,6.400844,A,8.899258
360,2025-11-20T13:25:17.992754,60,1.354189,2.949513,A,6.519064
361,2025-11-20T13:25:17.992754,61,5.001449,0.247009,B,5.811124
362,2025-11-20T13:25:17.992754,62,3.243631,2.912874,A,7.316531
363,2025-11-20T13:25:17.992754,63,1.122238,1.266141,A,5.171617
364,2025-11-20T13:25:17.992754,64,2.632985,4.954623,A,8.044208
365,2025-11-20T13:25:17.992754,65,2.522536,1.152243,A,8.082867
366,2025-11-20T13:25:17.992754,66,5.725724,2.351970,A,8.735129
367,2025-11-20T13:25:17.992754,67,2.143234,-3.541371,C,0.009660
368,2025-11-20T13:25:17.992754,68,5.850093,0.302466,A,5.115408
369,2025-11-20T13:25:17.992754,69,7.788706,5.044415,A,11.491664
370,2025-11-20T13:25:17.992754,70,5.612160,3.705606,B,8.025643
371,2025-11-20T13:25:17.992754,71,6.449408,-3.485957,C,3.689996
372,2025-11-20T13:25:17.992754,72,1.475466,6.598611,A,13.011691
373,2025-11-20T13:25:17.992754,73,6.854638,-4.796420,C,1.457643
374,2025-11-20T13:25:17.992754,74,4.696274,3.117401,B,6.911956
375,2025-11-20T13:25:17.992754,75,-0.747486,0.923038,C,5.908858
376,2025-11-20T13:25:17.992754,76,7.143819,4.752044,B,11.551406
377,2025-11-20T13:25:17.992754,77,4.282066,4.040697,B,6.872129
378,2025-11-20T13:25:17.992754,78,1.088544,-2.214236,C,2.135957
379,2025-11-20T13:25:17.992754,79,0.740484,3.505087,A,6.998702
380,2025-11-20T13:25:17.992754,80,7.813988,-0.300011,A,7.777837
381,2025-11-20T13:25:17.992754,81,8.858070,0.295265,A,6.388556
382,2025-11-20T13:25:17.992754,82,7.687030,6.063106,B,16.661372
383,2025-11-20T13:25:17.992754,83,1.980145,0.715765,A,3.430461
384,2025-11-20T13:25:17.992754,84,8.157365,-1.601108,C,4.112390
385,2025-11-20T13:25:17.992754,85,16.158107,2.752705,A,13.696576
386,2025-11-20T13:25:17.992754,86,1.118951,-3.680660,C,-1.200860
387,2025-11-20T13:25:17.992754,87,6.905280,2.602824,A,8.801504
388,2025-11-20T13:25:17.992754,88,5.320419,6.531705,B,12.307887
389,2025-11-20T13:25:17.992754,89,7.365831,-1.838050,C,1.334031
390,2025-11-20T13:25:17.992754,90,5.684292,-2.574201,C,3.012486
391,2025-11-20T13:25:17.992754,91,3.905364,3.677575,B,7.298512
392,2025-11-20T13:25:17.992754,92,2.562473,1.498089,A,5.096422
393,2025-11-20T13:25:17.992754,93,4.926466,5.261938,B,9.792359
394,2025-11-20T13:25:17.992754,94,3.242086,-2.856126,C,0.027927
395,2025-11-20T13:25:17.992754,95,7.834940,-2.746386,C,2.965378
396,2025-11-20T13:25:17.992754,96,5.946053,2.346512,A,7.694289
397,2025-11-20T13:25:17.992754,97,1.494123,0.064781,B,1.471115
398,2025-11-20T13:25:17.992754,98,2.630023,3.857243,A,9.369635
399,2025-11-20T13:25:17.992754,99,6.109034,-1.830247,C,2.062603
400,2025-11-20T13:27:13.123058,0,4.004471,1.918820,B,6.690336
401,2025-11-20T13:27:13.123058,1,6.507049,3.461969,A,6.992152
402,2025-11-20T13:27:13.123058,2,7.634251,0.027691,B,8.285161
403,2025-11-20T13:27:13.123058,3,7.117777,2.970703,A,10.438256
404,2025-11-20T13:27:13.123058,4,2.388859,1.595956,B,3.477488
405,2025-11-20T13:27:13.123058,5,3.240108,2.314117,A,5.246684
406,2025-11-20T13:27:13.123058,6,1.837567,2.071283,A,4.320483
407,2025-11-20T13:27:13.123058,7,7.613854,-2.058953,B,4.503372
408,2025-11-20T13:27:13.123058,8,5.020583,3.491056,B,7.843972
409,2025-11-20T13:27:13.123058,9,4.090881,4.664233,A,13.236851
410,2025-11-20T13:27:13.123058,10,10.567299,-2.282292,C,5.874080
411,2025-11-20T13:27:13.123058,11,-0.921994,3.048954,A,5.091748
412,2025-11-20T13:27:13.123058,12,0.416635,-0.323806,C,0.695622
413,2025-11-20T13:27:13.123058,13,13.700666,3.445838,A,13.674909
414,2025-11-20T13:27:13.123058,14,3.800856,4.813999,B,6.860925
415,2025-11-20T13:27:13.123058,15,8.022346,3.098528,A,10.592110
416,2025-11-20T13:27:13.123058,16,4.311323,-1.910001,C,8.354203
417,2025-11-20T13:27:13.123058,17,10.802674,4.422635,A,10.435139
418,2025-11-20T13:27:13.123058,18,6.879525,2.360614,A,8.226982
419,2025-11-20T13:27:13.123058,19,9.025098,-5.259131,C,-0.845892
420,2025-11-20T13:27:13.123058,20,-1.190857,4.138227,A,7.594291
421,2025-11-20T13:27:13.123058,21,6.413823,-2.828385,C,0.023275
422,2025-11-20T13:27:13.123058,22,-1.824669,-0.514185,C,2.918296
423,2025-11-20T13:27:13.123058,23,7.090871,2.535561,A,11.936863
424,2025-11-20T13:27:13.123058,24,5.820841,0.991431,B,5.167841
425,2025-11-20T13:27:13.123058,25,5.069234,4.053017,B,10.005595
426,2025-11-20T13:27:13.123058,26,7.951848,4.723983,A,11.483297
427,2025-11-20T13:27:13.123058,27,-2.504727,1.557152,A,6.261587
428,2025-11-20T13:27:13.123058,28,3.565481,1.411500,A,9.180801
429,2025-11-20T13:27:13.123058,29,1.183976,0.389808,B,2.443837
430,2025-11-20T13:27:13.123058,30,13.495522,1.102193,C,9.616113
431,2025-11-20T13:27:13.123058,31,7.762415,3.167932,A,9.567962
432,2025-11-20T13:27:13.123058,32,12.559732,-4.046394,C,0.978875
433,2025-11-20T13:27:13.123058,33,10.252232,1.502289,A,6.390959
434,2025-11-20T13:27:13.123058,34,6.223311,2.267702,A,7.692879
435,2025-11-20T13:27:13.123058,35,8.569441,-5.342841,C,1.012854
436,2025-11-20T13:27:13.123058,36,9.994807,1.652633,A,12.228917
437,2025-11-20T13:27:13.123058,37,0.591223,1.012645,A,4.926724
438,2025-11-20T13:27:13.123058,38,-2.070379,3.007101,A,6.530082
439,2025-11-20T13:27:13.123058,39,5.736734,3.332783,B,7.921190
440,2025-11-20T13:27:13.123058,40,4.201225,-2.744124,C,2.676786
441,2025-11-20T13:27:13.123058,41,-3.048772,3.855280,A,7.652165
442,2025-11-20T13:27:13.123058,42,2.058806,1.196920,B,2.540135
443,2025-11-20T13:27:13.123058,43,5.006129,2.870872,B,6.981897
444,2025-11-20T13:27:13.123058,44,7.174255,5.080760,A,9.564452
445,2025-11-20T13:27:13.123058,45,5.222586,6.123104,A,12.260626
446,2025-11-20T13:27:13.123058,46,3.247856,1.409495,B,5.186845
447,2025-11-20T13:27:13.123058,47,1.771509,-0.366915,A,1.328667
448,2025-11-20T13:27:13.123058,48,4.753654,3.126492,A,9.616009
449,2025-11-20T13:27:13.123058,49,-0.693778,1.246315,A,4.859914
450,2025-11-20T13:27:13.123058,50,-6.095354,4.771030,A,5.501320
451,2025-11-20T13:27:13.123058,51,6.187535,2.324898,B,8.427277
452,2025-11-20T13:27:13.123058,52,3.693264,3.159419,A,9.154254
453,2025-11-20T13:27:13.123058,53,6.172532,2.387409,B,8.795797
454,2025-11-20T13:27:13.123058,54,6.425716,5.903343,B,11.327008
455,2025-11-20T13:27:13.123058,55,5.283360,4.340297,B,9.848522
456,2025-11-20T13:27:13.123058,56,2.191797,3.731053,B,6.624161
457,2025-11-20T13:27:13.123058,57,-1.248547,-0.221423,A,5.108588
458,2025-11-20T13:27:13.123058,58,1.983998,-1.336075,A,0.495045
459,2025-11-20T13:27:13.123058,59,5.419788,-3.488435,C,2.913492
460,2025-11-20T13:27:13.123058,60,6.073826,1.301529,A,4.772460
461,2025-11-20T13:27:13.123058,61,3.753266,2.861089,A,6.876717
462,2025-11-20T13:27:13.123058,62,6.098759,-1.517395,C,4.787051
463,2025-11-20T13:27:13.123058,63,8.536497,-1.062168,A,4.330260
464,2025-11-20T13:27:13.123058,64,-0.466810,-0.320421,A,2.712655
465,2025-11-20T13:27:13.123058,65,10.972036,3.662565,A,10.280888
466,2025-11-20T13:27:13.123058,66,-0.921580,3.790457,A,5.980688
467,2025-11-20T13:27:13.123058,67,10.053466,3.210593,A,7.381769
468,2025-11-20T13:27:13.123058,68,15.810435,2.177066,A,10.957456
469,2025-11-20T13:27:13.123058,69,-5.056011,-1.347427,A,-2.448544
470,2025-11-20T13:27:13.123058,70,4.068740,1.911475,B,4.953833
471,2025-11-20T13:27:13.123058,71,4.274303,3.256673,B,8.007377
472,2025-11-20T13:27:13.123058,72,11.169417,-2.294691,C,4.875850
473,2025-11-20T13:27:13.123058,73,4.213584,3.774544,B,9.626414
474,2025-11-20T13:27:13.123058,74,5.824405,2.483913,A,6.663681
475,2025-11-20T13:27:13.123058,75,5.711306,4.620139,A,9.098715
476,2025-11-20T13:27:13.123058,76,1.713423,3.580578,A,9.257876
477,2025-11-20T13:27:13.123058,77,5.428885,5.144357,A,11.507240
478,2025-11-20T13:27:13.123058,78,10.850031,-3.011802,B,7.939044
479,2025-11-20T13:27:13.123058,79,0.725049,-1.198881,C,3.970164
480,2025-11-20T13:27:13.123058,80,4.226088,2.046102,B,8.441451
481,2025-11-20T13:27:13.123058,81,4.838146,1.442535,B,7.320065
482,2025-11-20T13:27:13.123058,82,-0.390288,6.134005,A,5.669123
483,2025-11-20T13:27:13.123058,83,8.058939,-1.596557,C,0.702444
484,2025-11-20T13:27:13.123058,84,-2.709420,0.003008,A,0.881372
485,2025-11-20T13:27:13.123058,85,0.980743,-3.515816,C,-2.383172
486,2025-11-20T13:27:13.123058,86,4.938569,3.008897,A,7.572275
487,2025-11-20T13:27:13.123058,87,3.405489,4.207646,B,9.197216
488,2025-11-20T13:27:13.123058,88,12.238707,1.202846,A,9.242562
489,2025-11-20T13:27:13.123058,89,5.202511,2.210541,B,8.840475
490,2025-11-20T13:27:13.123058,90,5.162053,-5.608705,C,1.506520
491,2025-11-20T13:27:13.123058,91,6.953074,1.088222,A,7.341285
492,2025-11-20T13:27:13.123058,92,0.360692,3.410564,A,7.845699
493,2025-11-20T13:27:13.123058,93,3.898614,4.195338,B,8.330955
494,2025-11-20T13:27:13.123058,94,1.807058,2.034244,A,6.412484
495,2025-11-20T13:27:13.123058,95,7.699530,2.608712,B,11.045507
496,2025-11-20T13:27:13.123058,96,-0.412239,4.307683,A,6.393205
497,2025-11-20T13:27:13.123058,97,8.962344,2.559262,A,9.890648
498,2025-11-20T13:27:13.123058,98,6.258317,-0.120287,A,5.836709
499,2025-11-20T13:27:13.123058,99,8.337845,3.902796,B,12.299357
500,2025-11-20T13:28:48.847247,0,7.401441,-3.192274,C,1.853996
501,2025-11-20T13:28:48.847247,1,4.848212,2.277276,A,7.910281
502,2025-11-20T13:28:48.847247,2,4.663123,3.985303,B,8.052463
503,2025-11-20T13:28:48.847247,3,6.481346,2.852813,A,9.440197
504,2025-11-20T13:28:48.847247,4,5.669079,2.700753,A,9.105765
505,2025-11-20T13:28:48.847247,5,3.779789,-0.703136,A,7.334012
506,2025-11-20T13:28:48.847247,6,3.773883,-1.478399,C,3.520016
507,2025-11-20T13:28:48.847247,7,12.073963,1.259325,A,7.779304
508,2025-11-20T13:28:48.847247,8,-4.638876,6.216446,A,10.131774
509,2025-11-20T13:28:48.847247,9,6.106605,3.849115,B,10.481362
510,2025-11-20T13:28:48.847247,10,3.101989,0.993816,B,3.895939
511,2025-11-20T13:28:48.847247,11,2.298567,-1.484078,A,3.762279
512,2025-11-20T13:28:48.847247,12,8.711881,6.540272,A,13.759501
513,2025-11-20T13:28:48.847247,13,4.365505,5.684708,B,9.820617
514,2025-11-20T13:28:48.847247,14,3.639459,3.889954,B,7.596886
515,2025-11-20T13:28:48.847247,15,9.890451,3.325063,A,9.443703
516,2025-11-20T13:28:48.847247,16,11.874063,5.271715,A,14.069827
517,2025-11-20T13:28:48.847247,17,3.996290,-1.236034,C,6.283118
518,2025-11-20T13:28:48.847247,18,7.311664,-0.236817,C,5.799224
519,2025-11-20T13:28:48.847247,19,1.767783,0.578506,A,4.626402
520,2025-11-20T13:28:48.847247,20,6.078981,4.751863,B,10.309969
521,2025-11-20T13:28:48.847247,21,2.607197,2.285684,A,8.341382
522,2025-11-20T13:28:48.847247,22,2.987721,-0.280738,A,1.971165
523,2025-11-20T13:28:48.847247,23,5.062649,-1.825525,C,3.311841
524,2025-11-20T13:28:48.847247,24,4.677370,-0.831719,C,3.257156
525,2025-11-20T13:28:48.847247,25,2.009878,4.391940,A,8.037697
526,2025-11-20T13:28:48.847247,26,4.685135,1.115651,A,6.803276
527,2025-11-20T13:28:48.847247,27,6.396926,-4.246549,C,-0.165743
528,2025-11-20T13:28:48.847247,28,4.907656,3.567426,A,8.807062
529,2025-11-20T13:28:48.847247,29,-0.769473,5.889580,A,6.635481
530,2025-11-20T13:28:48.847247,30,2.241030,3.819585,B,5.704957
531,2025-11-20T13:28:48.847247,31,10.693441,-1.918588,C,7.210665
532,2025-11-20T13:28:48.847247,32,3.491684,-0.655163,C,3.662601
533,2025-11-20T13:28:48.847247,33,4.361836,-4.704377,C,1.188236
534,2025-11-20T13:28:48.847247,34,6.841591,0.045224,A,6.259046
535,2025-11-20T13:28:48.847247,35,-1.746508,0.562116,A,5.683764
536,2025-11-20T13:28:48.847247,36,7.220013,-3.193371,C,5.245073
537,2025-11-20T13:28:48.847247,37,-1.949221,0.101158,C,1.834875
538,2025-11-20T13:28:48.847247,38,0.719303,5.188861,A,8.001528
539,2025-11-20T13:28:48.847247,39,4.859356,0.313791,B,5.245101
540,2025-11-20T13:28:48.847247,40,6.970975,3.690341,A,8.809893
541,2025-11-20T13:28:48.847247,41,4.149884,0.835283,B,3.098221
542,2025-11-20T13:28:48.847247,42,-1.459505,1.280952,A,4.004242
543,2025-11-20T13:28:48.847247,43,2.314686,1.301456,A,5.840881
544,2025-11-20T13:28:48.847247,44,-1.327803,5.489237,A,10.191023
545,2025-11-20T13:28:48.847247,45,4.957306,-2.535112,C,5.890710
546,2025-11-20T13:28:48.847247,46,0.553398,4.645183,A,9.094038
547,2025-11-20T13:28:48.847247,47,7.961460,-0.390809,A,4.085223
548,2025-11-20T13:28:48.847247,48,6.900800,-3.965546,C,1.724295
549,2025-11-20T13:28:48.847247,49,9.316006,3.099704,B,12.450218
550,2025-11-20T13:28:48.847247,50,8.531590,1.874055,B,11.609521
551,2025-11-20T13:28:48.847247,51,5.448303,2.343056,A,10.248379
552,2025-11-20T13:28:48.847247,52,7.755892,-1.881197,C,5.887282
553,2025-11-20T13:28:48.847247,53,1.749222,-2.617609,C,-1.205157
554,2025-11-20T13:28:48.847247,54,10.359865,1.969317,A,4.426747
555,2025-11-20T13:28:48.847247,55,0.139617,3.224820,B,3.037348
556,2025-11-20T13:28:48.847247,56,2.544125,3.820579,B,7.820976
557,2025-11-20T13:28:48.847247,57,4.176276,3.334515,A,8.764820
558,2025-11-20T13:28:48.847247,58,4.516057,6.590106,A,13.971863
559,2025-11-20T13:28:48.847247,59,4.454663,6.224751,A,10.581720
560,2025-11-20T13:28:48.847247,60,2.113157,-0.606533,C,5.578886
561,2025-11-20T13:28:48.847247,61,5.091229,4.368350,A,12.728379
562,2025-11-20T13:28:48.847247,62,5.458303,-8.809889,C,-2.225662
563,2025-11-20T13:28:48.847247,63,14.521360,4.699276,A,14.450844
564,2025-11-20T13:28:48.847247,64,3.493115,1.839615,A,7.551752
565,2025-11-20T13:28:48.847247,65,4.168788,-1.050190,A,2.913880
566,2025-11-20T13:28:48.847247,66,0.598387,2.757533,A,4.043003
567,2025-11-20T13:28:48.847247,67,3.819076,-0.865684,A,3.688800
568,2025-11-20T13:28:48.847247,68,3.687048,5.921408,A,10.321600
569,2025-11-20T13:28:48.847247,69,4.160341,0.940471,A,5.307220
570,2025-11-20T13:28:48.847247,70,-3.745141,3.966379,A,4.949178
571,2025-11-20T13:28:48.847247,71,5.029003,-0.067448,B,4.316007
572,2025-11-20T13:28:48.847247,72,5.692421,4.795984,A,9.189979
573,2025-11-20T13:28:48.847247,73,6.592185,3.188442,B,8.397286
574,2025-11-20T13:28:48.847247,74,3.926981,3.847741,A,4.807649
575,2025-11-20T13:28:48.847247,75,0.064290,-0.185860,B,0.277448
576,2025-11-20T13:28:48.847247,76,9.969948,1.649124,A,8.892071
577,2025-11-20T13:28:48.847247,77,-0.263934,-2.665391,C,-2.317320
578,2025-11-20T13:28:48.847247,78,2.624326,0.880253,B,3.383557
579,2025-11-20T13:28:48.847247,79,4.912486,2.557245,B,7.383491
580,2025-11-20T13:28:48.847247,80,2.920963,-3.008456,C,1.115128
581,2025-11-20T13:28:48.847247,81,11.257269,4.740938,A,12.534071
582,2025-11-20T13:28:48.847247,82,-3.557122,3.528898,A,5.990411
583,2025-11-20T13:28:48.847247,83,13.477444,1.662590,A,10.416579
584,2025-11-20T13:28:48.847247,84,2.339731,2.658863,A,8.535760
585,2025-11-20T13:28:48.847247,85,-0.151183,-0.758809,A,3.625222
586,2025-11-20T13:28:48.847247,86,6.022812,6.583997,B,12.738242
587,2025-11-20T13:28:48.847247,87,0.892629,0.990674,A,4.348544
588,2025-11-20T13:28:48.847247,88,-0.444877,-0.443601,A,4.095675
589,2025-11-20T13:28:48.847247,89,2.881051,-3.155330,C,2.278453
590,2025-11-20T13:28:48.847247,90,3.663620,-3.713087,C,2.103035
591,2025-11-20T13:28:48.847247,91,-3.588415,-2.009405,C,0.912867
592,2025-11-20T13:28:48.847247,92,12.009216,4.615692,A,14.793223
593,2025-11-20T13:28:48.847247,93,4.260674,0.803889,B,4.430174
594,2025-11-20T13:28:48.847247,94,-1.525945,3.685159,A,6.443539
595,2025-11-20T13:28:48.847247,95,-0.980965,-0.719348,C,0.173291
596,2025-11-20T13:28:48.847247,96,4.589683,3.149129,B,8.009225
597,2025-11-20T13:28:48.847247,97,5.611381,2.222861,B,6.241943
598,2025-11-20T13:28:48.847247,98,8.419255,1.469611,B,8.103729
599,2025-11-20T13:28:48.847247,99,1.596058,1.786645,A,3.652932
600,2025-11-25T10:20:14.363687,0,6.421536,-2.298717,A,3.804453
601,2025-11-25T10:20:14.363687,1,14.413405,2.586280,A,12.940700
602,2025-11-25T10:20:14.363687,2,2.480602,-3.862331,C,-2.717176
603,2025-11-25T10:20:14.363687,3,5.311757,-2.567657,C,2.234717
604,2025-11-25T10:20:14.363687,4,10.271442,1.158076,A,9.300046
605,2025-11-25T10:20:14.363687,5,0.575692,3.089592,A,6.769667
606,2025-11-25T10:20:14.363687,6,8.047809,0.977137,B,11.304103
607,2025-11-25T10:20:14.363687,7,5.567352,1.999775,A,7.698540
608,2025-11-25T10:20:14.363687,8,10.758627,1.947695,A,11.606372
609,2025-11-25T10:20:14.363687,9,5.353688,1.876828,A,5.576375
610,2025-11-25T10:20:14.363687,10,4.987378,-3.252713,B,0.913079
611,2025-11-25T10:20:14.363687,11,6.879293,-0.410329,B,4.406849
612,2025-11-25T10:20:14.363687,12,1.826624,1.822787,A,5.675187
613,2025-11-25T10:20:14.363687,13,6.811359,1.561707,A,5.614797
614,2025-11-25T10:20:14.363687,14,10.598889,2.590073,A,10.037548
615,2025-11-25T10:20:14.363687,15,7.915575,-2.073232,A,5.486276
616,2025-11-25T10:20:14.363687,16,1.233998,-1.201393,C,1.512103
617,2025-11-25T10:20:14.363687,17,1.472675,0.878900,A,4.631918
618,2025-11-25T10:20:14.363687,18,8.635387,1.361297,C,6.567428
619,2025-11-25T10:20:14.363687,19,8.049295,-2.240742,C,4.513132
620,2025-11-25T10:20:14.363687,20,1.942810,-3.928543,B,-1.819196
621,2025-11-25T10:20:14.363687,21,7.879682,2.403365,C,9.057787
622,2025-11-25T10:20:14.363687,22,20.181995,-4.173639,C,6.938292
623,2025-11-25T10:20:14.363687,23,2.143615,-0.632982,B,0.961934
624,2025-11-25T10:20:14.363687,24,9.484299,3.652844,B,14.322576
625,2025-11-25T10:20:14.363687,25,6.667175,-0.705703,C,4.038030
626,2025-11-25T10:20:14.363687,26,1.725198,-0.960744,A,2.750340
627,2025-11-25T10:20:14.363687,27,4.466318,-0.187113,C,6.649170
628,2025-11-25T10:20:14.363687,28,3.696939,0.353703,B,4.238413
629,2025-11-25T10:20:14.363687,29,1.942745,2.123466,A,4.201848
630,2025-11-25T10:20:14.363687,30,5.511799,0.304764,A,4.973489
631,2025-11-25T10:20:14.363687,31,1.493763,-3.959464,C,-0.971136
632,2025-11-25T10:20:14.363687,32,4.253556,1.352343,B,5.328479
633,2025-11-25T10:20:14.363687,33,14.902126,-3.191252,C,4.621746
634,2025-11-25T10:20:14.363687,34,6.261510,3.320460,B,11.486441
635,2025-11-25T10:20:14.363687,35,2.075582,0.128838,C,2.761145
636,2025-11-25T10:20:14.363687,36,6.571461,-0.969910,B,4.692554
637,2025-11-25T10:20:14.363687,37,3.305537,0.339698,A,7.368514
638,2025-11-25T10:20:14.363687,38,3.869688,1.336697,A,4.838933
639,2025-11-25T10:20:14.363687,39,8.100147,-2.160093,C,5.992150
640,2025-11-25T10:20:14.363687,40,2.757825,1.561889,A,6.129609
641,2025-11-25T10:20:14.363687,41,7.249122,4.549118,B,11.466292
642,2025-11-25T10:20:14.363687,42,8.125258,-0.875243,C,3.326787
643,2025-11-25T10:20:14.363687,43,12.785964,0.924809,A,6.328081
644,2025-11-25T10:20:14.363687,44,4.989740,-1.556803,A,3.521692
645,2025-11-25T10:20:14.363687,45,6.506807,1.111183,A,8.013577
646,2025-11-25T10:20:14.363687,46,7.093331,-0.422616,A,5.560434
647,2025-11-25T10:20:14.363687,47,6.884659,2.138451,A,7.060094
648,2025-11-25T10:20:14.363687,48,0.944360,0.235022,A,4.253722
649,2025-11-25T10:20:14.363687,49,9.091104,-2.544762,B,7.852967
650,2025-11-25T10:20:14.363687,50,4.632057,0.088764,A,3.534135
651,2025-11-25T10:20:14.363687,51,0.037844,-0.241193,A,2.744179
652,2025-11-25T10:20:14.363687,52,7.503041,-0.880734,C,7.095348
653,2025-11-25T10:20:14.363687,53,-1.691201,-0.754583,A,3.354221
654,2025-11-25T10:20:14.363687,54,10.165505,1.624990,A,8.627619
655,2025-11-25T10:20:14.363687,55,11.969298,0.113655,C,7.940155
656,2025-11-25T10:20:14.363687,56,4.995662,-0.003213,B,6.021330
657,2025-11-25T10:20:14.363687,57,0.886285,3.032778,A,3.625441
658,2025-11-25T10:20:14.363687,58,3.346924,-1.863158,A,2.484790
659,2025-11-25T10:20:14.363687,59,14.589956,2.450654,A,9.654181
660,2025-11-25T10:20:14.363687,60,7.174340,-2.083311,C,6.554737
661,2025-11-25T10:20:14.363687,61,-2.889293,6.323677,A,5.864180
662,2025-11-25T10:20:14.363687,62,3.460336,-2.563263,B,0.337041
663,2025-11-25T10:20:14.363687,63,7.479674,2.918615,A,7.566000
664,2025-11-25T10:20:14.363687,64,6.017038,0.357629,A,2.521444
665,2025-11-25T10:20:14.363687,65,4.705143,1.637779,B,5.455195
666,2025-11-25T10:20:14.363687,66,15.397974,-1.392491,A,5.542275
667,2025-11-25T10:20:14.363687,67,9.507490,-0.501285,C,6.869921
668,2025-11-25T10:20:14.363687,68,0.136694,0.345742,B,-1.255544
669,2025-11-25T10:20:14.363687,69,5.379732,-2.694080,B,3.236406
670,2025-11-25T10:20:14.363687,70,10.226703,2.403777,A,9.575214
671,2025-11-25T10:20:14.363687,71,5.793192,-1.887609,A,1.670381
672,2025-11-25T10:20:14.363687,72,3.377076,-1.105838,B,2.233530
673,2025-11-25T10:20:14.363687,73,6.559664,0.963458,B,7.250010
674,2025-11-25T10:20:14.363687,74,5.270771,3.439371,B,8.343713
675,2025-11-25T10:20:14.363687,75,7.540305,-0.411346,A,5.603655
676,2025-11-25T10:20:14.363687,76,2.951897,1.448948,A,6.792153
677,2025-11-25T10:20:14.363687,77,2.440756,3.327423,A,8.071186
678,2025-11-25T10:20:14.363687,78,4.680071,-0.605814,B,2.732825
679,2025-11-25T10:20:14.363687,79,12.535656,2.767799,A,11.351499
680,2025-11-25T10:20:14.363687,80,2.969614,-2.668267,C,-2.760769
681,2025-11-25T10:20:14.363687,81,4.246715,2.711208,B,7.609334
682,2025-11-25T10:20:14.363687,82,-5.205830,-0.501564,A,1.548877
683,2025-11-25T10:20:14.363687,83,2.432531,-2.466829,C,1.202343
684,2025-11-25T10:20:14.363687,84,4.174311,-2.041809,A,-0.634476
685,2025-11-25T10:20:14.363687,85,2.286815,2.157314,B,4.763120
686,2025-11-25T10:20:14.363687,86,7.211418,1.120017,A,3.492701
687,2025-11-25T10:20:14.363687,87,9.335657,-3.946029,A,2.083994
688,2025-11-25T10:20:14.363687,88,0.393685,1.387564,A,2.894567
689,2025-11-25T10:20:14.363687,89,11.543155,-2.194678,A,3.318079
690,2025-11-25T10:20:14.363687,90,-0.222332,-0.770148,C,3.412087
691,2025-11-25T10:20:14.363687,91,12.096228,0.396812,C,10.917316
692,2025-11-25T10:20:14.363687,92,-0.490862,3.057803,A,5.146103
693,2025-11-25T10:20:14.363687,93,2.217720,-4.351439,C,-3.016215
694,2025-11-25T10:20:14.363687,94,4.303899,2.551478,A,6.021158
695,2025-11-25T10:20:14.363687,95,1.259374,0.097675,A,6.019773
696,2025-11-25T10:20:14.363687,96,5.596547,0.224912,C,6.412741
697,2025-11-25T10:20:14.363687,97,9.486383,-2.059194,C,4.248207
698,2025-11-25T10:20:14.363687,98,2.942585,0.452884,A,3.011124
699,2025-11-25T10:20:14.363687,99,12.546582,1.961736,C,10.472151
700,2025-11-25T10:20:14.363687,0,6.421536,-2.298717,A,3.804453
701,2025-11-25T10:20:14.363687,1,14.413405,2.586280,A,12.940700
702,2025-11-25T10:20:14.363687,2,2.480602,-3.862331,C,-2.717176
703,2025-11-25T10:20:14.363687,3,5.311757,-2.567657,C,2.234717
704,2025-11-25T10:20:14.363687,4,10.271442,1.158076,A,9.300046
705,2025-11-25T10:20:14.363687,5,0.575692,3.089592,A,6.769667
706,2025-11-25T10:20:14.363687,6,8.047809,0.977137,B,11.304103
707,2025-11-25T10:20:14.363687,7,5.567352,1.999775,A,7.698540
708,2025-11-25T10:20:14.363687,8,10.758627,1.947695,A,11.606372
709,2025-11-25T10:20:14.363687,9,5.353688,1.876828,A,5.576375
710,2025-11-25T10:20:14.363687,10,4.987378,-3.252713,B,0.913079
711,2025-11-25T10:20:14.363687,11,6.879293,-0.410329,B,4.406849
712,2025-11-25T10:20:14.363687,12,1.826624,1.822787,A,5.675187
713,2025-11-25T10:20:14.363687,13,6.811359,1.561707,A,5.614797
714,2025-11-25T10:20:14.363687,14,10.598889,2.590073,A,10.037548
715,2025-11-25T10:20:14.363687,15,7.915575,-2.073232,A,5.486276
716,2025-11-25T10:20:14.363687,16,1.233998,-1.201393,C,1.512103
717,2025-11-25T10:20:14.363687,17,1.472675,0.878900,A,4.631918
718,2025-11-25T10:20:14.363687,18,8.635387,1.361297,C,6.567428
719,2025-11-25T10:20:14.363687,19,8.049295,-2.240742,C,4.513132
720,2025-11-25T10:20:14.363687,20,1.942810,-3.928543,B,-1.819196
721,2025-11-25T10:20:14.363687,21,7.879682,2.403365,C,9.057787
722,2025-11-25T10:20:14.363687,22,20.181995,-4.173639,C,6.938292
723,2025-11-25T10:20:14.363687,23,2.143615,-0.632982,B,0.961934
724,2025-11-25T10:20:14.363687,24,9.484299,3.652844,B,14.322576
725,2025-11-25T10:20:14.363687,25,6.667175,-0.705703,C,4.038030
726,2025-11-25T10:20:14.363687,26,1.725198,-0.960744,A,2.750340
727,2025-11-25T10:20:14.363687,27,4.466318,-0.187113,C,6.649170
728,2025-11-25T10:20:14.363687,28,3.696939,0.353703,B,4.238413
729,2025-11-25T10:20:14.363687,29,1.942745,2.123466,A,4.201848
730,2025-11-25T10:20:14.363687,30,5.511799,0.304764,A,4.973489
731,2025-11-25T10:20:14.363687,31,1.493763,-3.959464,C,-0.971136
732,2025-11-25T10:20:14.363687,32,4.253556,1.352343,B,5.328479
733,2025-11-25T10:20:14.363687,33,14.902126,-3.191252,C,4.621746
734,2025-11-25T10:20:14.363687,34,6.261510,3.320460,B,11.486441
735,2025-11-25T10:20:14.363687,35,2.075582,0.128838,C,2.761145
736,2025-11-25T10:20:14.363687,36,6.571461,-0.969910,B,4.692554
737,2025-11-25T10:20:14.363687,37,3.305537,0.339698,A,7.368514
738,2025-11-25T10:20:14.363687,38,3.869688,1.336697,A,4.838933
739,2025-11-25T10:20:14.363687,39,8.100147,-2.160093,C,5.992150
740,2025-11-25T10:20:14.363687,40,2.757825,1.561889,A,6.129609
741,2025-11-25T10:20:14.363687,41,7.249122,4.549118,B,11.466292
742,2025-11-25T10:20:14.363687,42,8.125258,-0.875243,C,3.326787
743,2025-11-25T10:20:14.363687,43,12.785964,0.924809,A,6.328081
744,2025-11-25T10:20:14.363687,44,4.989740,-1.556803,A,3.521692
745,2025-11-25T10:20:14.363687,45,6.506807,1.111183,A,8.013577
746,2025-11-25T10:20:14.363687,46,7.093331,-0.422616,A,5.560434
747,2025-11-25T10:20:14.363687,47,6.884659,2.138451,A,7.060094
748,2025-11-25T10:20:14.363687,48,0.944360,0.235022,A,4.253722
749,2025-11-25T10:20:14.363687,49,9.091104,-2.544762,B,7.852967
750,2025-11-25T10:20:14.363687,50,4.632057,0.088764,A,3.534135
751,2025-11-25T10:20:14.363687,51,0.037844,-0.241193,A,2.744179
752,2025-11-25T10:20:14.363687,52,7.503041,-0.880734,C,7.095348
753,2025-11-25T10:20:14.363687,53,-1.691201,-0.754583,A,3.354221
754,2025-11-25T10:20:14.363687,54,10.165505,1.624990,A,8.627619
755,2025-11-25T10:20:14.363687,55,11.969298,0.113655,C,7.940155
756,2025-11-25T10:20:14.363687,56,4.995662,-0.003213,B,6.021330
757,2025-11-25T10:20:14.363687,57,0.886285,3.032778,A,3.625441
758,2025-11-25T10:20:14.363687,58,3.346924,-1.863158,A,2.484790
759,2025-11-25T10:20:14.363687,59,14.589956,2.450654,A,9.654181
760,2025-11-25T10:20:14.363687,60,7.174340,-2.083311,C,6.554737
761,2025-11-25T10:20:14.363687,61,-2.889293,6.323677,A,5.864180
762,2025-11-25T10:20:14.363687,62,3.460336,-2.563263,B,0.337041
763,2025-11-25T10:20:14.363687,63,7.479674,2.918615,A,7.566000
764,2025-11-25T10:20:14.363687,64,6.017038,0.357629,A,2.521444
765,2025-11-25T10:20:14.363687,65,4.705143,1.637779,B,5.455195
766,2025-11-25T10:20:14.363687,66,15.397974,-1.392491,A,5.542275
767,2025-11-25T10:20:14.363687,67,9.507490,-0.501285,C,6.869921
768,2025-11-25T10:20:14.363687,68,0.136694,0.345742,B,-1.255544
769,2025-11-25T10:20:14.363687,69,5.379732,-2.694080,B,3.236406
770,2025-11-25T10:20:14.363687,70,10.226703,2.403777,A,9.575214
771,2025-11-25T10:20:14.363687,71,5.793192,-1.887609,A,1.670381
772,2025-11-25T10:20:14.363687,72,3.377076,-1.105838,B,2.233530
773,2025-11-25T10:20:14.363687,73,6.559664,0.963458,B,7.250010
774,2025-11-25T10:20:14.363687,74,5.270771,3.439371,B,8.343713
775,2025-11-25T10:20:14.363687,75,7.540305,-0.411346,A,5.603655
776,2025-11-25T10:20:14.363687,76,2.951897,1.448948,A,6.792153
777,2025-11-25T10:20:14.363687,77,2.440756,3.327423,A,8.071186
778,2025-11-25T10:20:14.363687,78,4.680071,-0.605814,B,2.732825
779,2025-11-25T10:20:14.363687,79,12.535656,2.767799,A,11.351499
780,2025-11-25T10:20:14.363687,80,2.969614,-2.668267,C,-2.760769
781,2025-11-25T10:20:14.363687,81,4.246715,2.711208,B,7.609334
782,2025-11-25T10:20:14.363687,82,-5.205830,-0.501564,A,1.548877
783,2025-11-25T10:20:14.363687,83,2.432531,-2.466829,C,1.202343
784,2025-11-25T10:20:14.363687,84,4.174311,-2.041809,A,-0.634476
785,2025-11-25T10:20:14.363687,85,2.286815,2.157314,B,4.763120
786,2025-11-25T10:20:14.363687,86,7.211418,1.120017,A,3.492701
787,2025-11-25T10:20:14.363687,87,9.335657,-3.946029,A,2.083994
788,2025-11-25T10:20:14.363687,88,0.393685,1.387564,A,2.894567
789,2025-11-25T10:20:14.363687,89,11.543155,-2.194678,A,3.318079
790,2025-11-25T10:20:14.363687,90,-0.222332,-0.770148,C,3.412087
791,2025-11-25T10:20:14.363687,91,12.096228,0.396812,C,10.917316
792,2025-11-25T10:20:14.363687,92,-0.490862,3.057803,A,5.146103
793,2025-11-25T10:20:14.363687,93,2.217720,-4.351439,C,-3.016215
794,2025-11-25T10:20:14.363687,94,4.303899,2.551478,A,6.021158
795,2025-11-25T10:20:14.363687,95,1.259374,0.097675,A,6.019773
796,2025-11-25T10:20:14.363687,96,5.596547,0.224912,C,6.412741
797,2025-11-25T10:20:14.363687,97,9.486383,-2.059194,C,4.248207
798,2025-11-25T10:20:14.363687,98,2.942585,0.452884,A,3.011124
799,2025-11-25T10:20:14.363687,99,12.546582,1.961736,C,10.472151
800,2025-11-25T11:19:13.514863,0,3.143561,1.762752,B,4.661009
801,2025-11-25T11:19:13.514863,1,12.152800,2.293855,A,8.736679
802,2025-11-25T11:19:13.514863,2,10.708037,-3.286053,A,5.259741
803,2025-11-25T11:19:13.514863,3,7.655504,-2.151383,B,4.371184
804,2025-11-25T11:19:13.514863,4,7.418084,4.455432,A,11.084741
805,2025-11-25T11:19:13.514863,5,1.857420,0.324925,B,3.557332
806,2025-11-25T11:19:13.514863,6,-3.494319,-0.102602,C,-2.826912
807,2025-11-25T11:19:13.514863,7,5.985994,1.726016,A,8.810163
808,2025-11-25T11:19:13.514863,8,11.558285,-2.492673,C,6.298871
809,2025-11-25T11:19:13.514863,9,3.207832,4.667677,A,7.338395
810,2025-11-25T11:19:13.514863,10,15.570092,1.854863,A,8.593058
811,2025-11-25T11:19:13.514863,11,-0.836022,3.384581,A,4.163817
812,2025-11-25T11:19:13.514863,12,5.104035,1.778605,A,6.762840
813,2025-11-25T11:19:13.514863,13,3.825784,2.242209,A,7.035231
814,2025-11-25T11:19:13.514863,14,5.212622,-1.409038,C,2.747228
815,2025-11-25T11:19:13.514863,15,5.162627,1.508014,A,6.262747
816,2025-11-25T11:19:13.514863,16,-0.430942,-1.611242,C,1.512218
817,2025-11-25T11:19:13.514863,17,0.720414,-2.027847,C,-0.272024
818,2025-11-25T11:19:13.514863,18,4.979587,0.247054,A,1.513718
819,2025-11-25T11:19:13.514863,19,5.810052,-1.639379,A,5.017805
820,2025-11-25T11:19:13.514863,20,7.078359,-0.061442,A,6.825690
821,2025-11-25T11:19:13.514863,21,6.031464,0.110954,A,6.450379
822,2025-11-25T11:19:13.514863,22,3.337503,2.296957,B,7.375129
823,2025-11-25T11:19:13.514863,23,5.133506,0.343628,B,4.819818
824,2025-11-25T11:19:13.514863,24,7.999285,-1.438833,B,6.568397
825,2025-11-25T11:19:13.514863,25,8.083812,-1.007441,B,7.703944
826,2025-11-25T11:19:13.514863,26,16.736211,-1.618028,C,8.004383
827,2025-11-25T11:19:13.514863,27,5.316108,0.611198,A,5.718072
828,2025-11-25T11:19:13.514863,28,7.752444,-1.934490,C,1.920344
829,2025-11-25T11:19:13.514863,29,4.008805,-1.013509,C,4.736540
830,2025-11-25T11:19:13.514863,30,7.105799,-0.336764,A,5.222553
831,2025-11-25T11:19:13.514863,31,4.460593,-2.496233,A,1.683482
832,2025-11-25T11:19:13.514863,32,3.365910,-3.296876,B,-0.863309
833,2025-11-25T11:19:13.514863,33,4.861658,-4.484098,C,-1.678871
834,2025-11-25T11:19:13.514863,34,7.939301,1.329672,A,5.695131
835,2025-11-25T11:19:13.514863,35,6.792188,1.301583,A,6.313834
836,2025-11-25T11:19:13.514863,36,11.938920,-0.807340,A,9.563976
837,2025-11-25T11:19:13.514863,37,0.859886,1.779817,A,6.514956
838,2025-11-25T11:19:13.514863,38,6.218222,1.682131,A,8.853807
839,2025-11-25T11:19:13.514863,39,5.629400,0.064003,A,3.571539
840,2025-11-25T11:19:13.514863,40,6.283465,-1.231371,C,6.728775
841,2025-11-25T11:19:13.514863,41,2.403906,-4.762480,A,0.106154
842,2025-11-25T11:19:13.514863,42,7.657133,3.939936,B,12.105235
843,2025-11-25T11:19:13.514863,43,0.772204,1.305644,C,5.197262
844,2025-11-25T11:19:13.514863,44,9.294613,-0.896170,A,8.935842
845,2025-11-25T11:19:13.514863,45,3.920064,2.015717,B,4.658625
846,2025-11-25T11:19:13.514863,46,7.422701,-1.788457,C,6.255749
847,2025-11-25T11:19:13.514863,47,7.401903,0.725582,A,7.158527
848,2025-11-25T11:19:13.514863,48,6.009586,-0.553220,A,5.989018
849,2025-11-25T11:19:13.514863,49,8.243995,0.300966,B,7.139864
850,2025-11-25T11:19:13.514863,50,2.220995,2.125181,C,4.148683
851,2025-11-25T11:19:13.514863,51,14.597232,2.003483,C,11.124622
852,2025-11-25T11:19:13.514863,52,9.873037,-0.479530,C,8.976914
853,2025-11-25T11:19:13.514863,53,1.410381,1.526817,B,3.748202
854,2025-11-25T11:19:13.514863,54,2.033374,-0.946585,A,0.861140
855,2025-11-25T11:19:13.514863,55,2.690158,1.155323,B,3.748357
856,2025-11-25T11:19:13.514863,56,4.752054,1.717982,B,5.092373
857,2025-11-25T11:19:13.514863,57,-0.298812,1.408043,C,6.310328
858,2025-11-25T11:19:13.514863,58,6.860551,0.857712,B,7.328486
859,2025-11-25T11:19:13.514863,59,4.163439,0.798487,C,7.731737
860,2025-11-25T11:19:13.514863,60,-0.657025,-1.069125,C,3.338527
861,2025-11-25T11:19:13.514863,61,9.370097,1.304324,B,12.367437
862,2025-11-25T11:19:13.514863,62,9.811422,0.931350,A,5.488901
863,2025-11-25T11:19:13.514863,63,3.605990,0.764043,B,4.824412
864,2025-11-25T11:19:13.514863,64,2.525801,3.660982,A,6.524678
865,2025-11-25T11:19:13.514863,65,-0.876292,-0.021031,A,2.312301
866,2025-11-25T11:19:13.514863,66,5.316471,4.202644,B,8.783533
867,2025-11-25T11:19:13.514863,67,6.049650,-0.183539,C,1.238917
868,2025-11-25T11:19:13.514863,68,3.863301,-3.078945,A,3.120494
869,2025-11-25T11:19:13.514863,69,8.156034,0.254026,C,5.664542
870,2025-11-25T11:19:13.514863,70,8.890022,3.425967,A,9.094044
871,2025-11-25T11:19:13.514863,71,1.551142,-0.186068,A,4.389422
872,2025-11-25T11:19:13.514863,72,3.807295,0.032455,A,2.555544
873,2025-11-25T11:19:13.514863,73,4.622709,3.694246,A,7.526104
874,2025-11-25T11:19:13.514863,74,-13.529502,-6.044724,C,-8.761444
875,2025-11-25T11:19:13.514863,75,4.356825,0.554005,A,6.844289
876,2025-11-25T11:19:13.514863,76,5.882509,-1.112084,C,5.775908
877,2025-11-25T11:19:13.514863,77,13.894828,-2.172598,C,3.333628
878,2025-11-25T11:19:13.514863,78,3.176974,2.112580,C,6.994962
879,2025-11-25T11:19:13.514863,79,9.902660,1.585964,A,9.921043
880,2025-11-25T11:19:13.514863,80,2.779316,0.736646,B,3.739380
881,2025-11-25T11:19:13.514863,81,6.743010,0.284744,A,6.958083
882,2025-11-25T11:19:13.514863,82,-2.153975,1.261551,C,3.541703
883,2025-11-25T11:19:13.514863,83,2.830686,0.930251,A,8.179956
884,2025-11-25T11:19:13.514863,84,5.304825,-2.293329,B,5.285247
885,2025-11-25T11:19:13.514863,85,4.810146,-1.549906,B,3.769357
886,2025-11-25T11:19:13.514863,86,3.657240,-3.676469,B,-1.531026
887,2025-11-25T11:19:13.514863,87,4.883970,-1.074386,B,5.181345
888,2025-11-25T11:19:13.514863,88,1.639730,-2.759726,A,2.044649
889,2025-11-25T11:19:13.514863,89,11.900937,0.325449,A,8.567274
890,2025-11-25T11:19:13.514863,90,7.395763,1.263261,B,7.751981
891,2025-11-25T11:19:13.514863,91,3.766994,-1.341929,B,3.152499
892,2025-11-25T11:19:13.514863,92,7.513355,-1.276661,A,4.172605
893,2025-11-25T11:19:13.514863,93,6.869279,-2.301619,C,4.787374
894,2025-11-25T11:19:13.514863,94,6.167283,1.146826,B,6.643078
895,2025-11-25T11:19:13.514863,95,-5.829610,-0.720980,C,1.301018
896,2025-11-25T11:19:13.514863,96,6.607474,0.492454,A,6.545060
897,2025-11-25T11:19:13.514863,97,9.230337,-1.950946,A,3.766388
898,2025-11-25T11:19:13.514863,98,10.679661,1.477440,C,11.253512
899,2025-11-25T11:19:13.514863,99,6.883232,-3.187613,C,0.093433
900,2025-11-25T12:22:14.507923,0,5.713945,-1.184615,B,5.485501
901,2025-11-25T12:22:14.507923,1,2.465351,0.653085,A,3.954320
902,2025-11-25T12:22:14.507923,2,4.834873,2.122580,A,8.174696
903,2025-11-25T12:22:14.507923,3,1.912471,-3.169790,C,0.365894
904,2025-11-25T12:22:14.507923,4,0.989025,2.762246,A,6.358703
905,2025-11-25T12:22:14.507923,5,3.157554,2.631778,C,6.958211
906,2025-11-25T12:22:14.507923,6,6.460828,1.792000,B,7.893734
907,2025-11-25T12:22:14.507923,7,-1.362791,1.410984,A,4.031278
908,2025-11-25T12:22:14.507923,8,2.885932,4.571948,B,7.752363
909,2025-11-25T12:22:14.507923,9,2.527204,1.595142,A,6.890312
910,2025-11-25T12:22:14.507923,10,10.416927,-0.620541,A,4.843257
911,2025-11-25T12:22:14.507923,11,4.483440,-0.021231,A,7.010992
912,2025-11-25T12:22:14.507923,12,6.359417,-1.804665,B,4.298174
913,2025-11-25T12:22:14.507923,13,2.160666,-3.429022,C,0.323322
914,2025-11-25T12:22:14.507923,14,10.417561,-1.981465,A,5.856204
915,2025-11-25T12:22:14.507923,15,12.724038,-3.396654,C,4.816442
916,2025-11-25T12:22:14.507923,16,2.059606,-0.739662,A,5.936403
917,2025-11-25T12:22:14.507923,17,3.357332,0.259356,C,2.028289
918,2025-11-25T12:22:14.507923,18,5.409493,-0.170575,A,3.638540
919,2025-11-25T12:22:14.507923,19,3.419236,-1.067762,B,2.170935
920,2025-11-25T12:22:14.507923,20,6.652538,0.655038,B,7.385537
921,2025-11-25T12:22:14.507923,21,1.007935,0.268799,A,2.150603
922,2025-11-25T12:22:14.507923,22,4.527869,-1.624009,B,4.601865
923,2025-11-25T12:22:14.507923,23,-3.892913,0.393694,A,2.542067
924,2025-11-25T12:22:14.507923,24,-2.710674,2.042019,C,5.389941
925,2025-11-25T12:22:14.507923,25,10.867790,-0.662239,C,9.090615
926,2025-11-25T12:22:14.507923,26,-2.373732,-3.857967,C,-2.840563
927,2025-11-25T12:22:14.507923,27,4.877583,3.122497,A,12.344967
928,2025-11-25T12:22:14.507923,28,-2.638998,2.874090,A,3.867586
929,2025-11-25T12:22:14.507923,29,6.470676,0.681734,B,5.579907
930,2025-11-25T12:22:14.507923,30,3.297726,-3.383956,A,1.512489
931,2025-11-25T12:22:14.507923,31,7.007702,2.566345,B,8.593851
932,2025-11-25T12:22:14.507923,32,7.950073,1.170858,B,9.978140
933,2025-11-25T12:22:14.507923,33,0.341976,-0.344762,A,1.591411
934,2025-11-25T12:22:14.507923,34,6.039400,-0.712212,B,4.413261
935,2025-11-25T12:22:14.507923,35,8.992111,1.203572,C,8.202222
936,2025-11-25T12:22:14.507923,36,7.342775,1.475156,C,9.223928
937,2025-11-25T12:22:14.507923,37,-1.684710,2.436515,A,6.548805
938,2025-11-25T12:22:14.507923,38,1.749710,0.503611,A,4.847585
939,2025-11-25T12:22:14.507923,39,5.366157,2.367655,C,6.456990
940,2025-11-25T12:22:14.507923,40,12.684433,2.922598,A,10.756871
941,2025-11-25T12:22:14.507923,41,5.550064,2.548786,B,6.359386
942,2025-11-25T12:22:14.507923,42,5.147229,1.722526,B,7.448117
943,2025-11-25T12:22:14.507923,43,5.457206,0.023555,A,6.808297
944,2025-11-25T12:22:14.507923,44,3.365296,-1.809983,A,3.422805
945,2025-11-25T12:22:14.507923,45,4.287179,0.169582,B,3.416530
946,2025-11-25T12:22:14.507923,46,7.643170,1.805260,A,10.425330
947,2025-11-25T12:22:14.507923,47,6.254549,-2.234706,A,3.908290
948,2025-11-25T12:22:14.507923,48,4.194692,-0.639829,B,3.406851
949,2025-11-25T12:22:14.507923,49,2.055378,-1.188263,C,3.307857
950,2025-11-25T12:22:14.507923,50,5.715490,-0.756404,C,5.949606
951,2025-11-25T12:22:14.507923,51,4.572884,0.225962,B,4.349761
952,2025-11-25T12:22:14.507923,52,-2.529864,3.527345,A,5.616146
953,2025-11-25T12:22:14.507923,53,8.486093,4.810068,A,9.303409
954,2025-11-25T12:22:14.507923,54,6.388017,1.758293,B,8.035556
955,2025-11-25T12:22:14.507923,55,5.129455,-2.869068,C,3.617714
956,2025-11-25T12:22:14.507923,56,6.457166,1.094464,C,2.102061
957,2025-11-25T12:22:14.507923,57,8.236199,-2.060041,A,4.072921
958,2025-11-25T12:22:14.507923,58,7.428385,0.185891,C,9.244719
959,2025-11-25T12:22:14.507923,59,-4.607180,2.620156,A,1.896839
960,2025-11-25T12:22:14.507923,60,0.021036,0.362489,A,1.951942
961,2025-11-25T12:22:14.507923,61,-1.455818,2.061602,A,5.636727
962,2025-11-25T12:22:14.507923,62,7.320723,-0.636263,A,3.501933
963,2025-11-25T12:22:14.507923,63,11.360936,2.267291,A,9.085089
964,2025-11-25T12:22:14.507923,64,9.562878,0.615887,A,5.499547
965,2025-11-25T12:22:14.507923,65,3.133749,3.676591,B,8.443760
966,2025-11-25T12:22:14.507923,66,3.559515,3.739657,A,5.667341
967,2025-11-25T12:22:14.507923,67,6.347758,3.221338,B,8.434867
968,2025-11-25T12:22:14.507923,68,7.404940,1.942892,A,12.187061
969,2025-11-25T12:22:14.507923,69,9.125492,1.133290,A,9.903730
970,2025-11-25T12:22:14.507923,70,4.425306,-1.159488,C,1.101516
971,2025-11-25T12:22:14.507923,71,6.147341,-0.659062,A,2.382741
972,2025-11-25T12:22:14.507923,72,4.972479,2.220928,A,11.782395
973,2025-11-25T12:22:14.507923,73,-1.496030,-1.239700,A,3.051151
974,2025-11-25T12:22:14.507923,74,6.876538,3.224475,A,11.019456
975,2025-11-25T12:22:14.507923,75,-4.289811,-2.865401,C,-0.877223
976,2025-11-25T12:22:14.507923,76,6.694976,-0.981697,B,4.857741
977,2025-11-25T12:22:14.507923,77,3.510055,-1.211059,A,2.161553
978,2025-11-25T12:22:14.507923,78,7.468245,-0.067671,A,5.734498
979,2025-11-25T12:22:14.507923,79,5.366719,1.300621,B,4.890940
980,2025-11-25T12:22:14.507923,80,3.975549,2.557026,C,7.811624
981,2025-11-25T12:22:14.507923,81,3.827792,-2.808421,A,2.894446
982,2025-11-25T12:22:14.507923,82,0.112786,2.136149,A,5.314816
983,2025-11-25T12:22:14.507923,83,8.810330,1.720786,A,7.149937
984,2025-11-25T12:22:14.507923,84,-0.505908,1.601712,A,3.668439
985,2025-11-25T12:22:14.507923,85,-5.849366,0.188551,C,-0.075449
986,2025-11-25T12:22:14.507923,86,19.766212,2.945049,A,10.039706
987,2025-11-25T12:22:14.507923,87,7.773528,0.128422,C,3.287985
988,2025-11-25T12:22:14.507923,88,15.763968,3.374168,C,15.501781
989,2025-11-25T12:22:14.507923,89,4.974690,1.324401,B,6.921489
990,2025-11-25T12:22:14.507923,90,6.657826,-1.385226,C,5.161729
991,2025-11-25T12:22:14.507923,91,5.948389,0.811819,C,6.006069
992,2025-11-25T12:22:14.507923,92,6.900364,0.037040,C,6.388059
993,2025-11-25T12:22:14.507923,93,4.331263,1.372853,A,4.709845
994,2025-11-25T12:22:14.507923,94,4.800244,2.008087,A,4.480591
995,2025-11-25T12:22:14.507923,95,4.791726,2.494913,B,6.280750
996,2025-11-25T12:22:14.507923,96,3.082603,1.139422,B,6.558023
997,2025-11-25T12:22:14.507923,97,3.544433,5.443455,B,9.133426
998,2025-11-25T12:22:14.507923,98,10.891798,-1.047395,A,3.568551
999,2025-11-25T12:22:14.507923,99,8.790706,-0.315749,B,9.643708
